-- phpMyAdmin SQL Dump
-- version 2.8.0.1
-- http://www.phpmyadmin.net
-- 
-- Host: custsql-ipg85.eigbox.net
-- Generation Time: Sep 24, 2015 at 10:12 AM
-- Server version: 5.5.44
-- PHP Version: 4.4.9
-- 
-- Database: `real_games1234`
-- 
CREATE DATABASE `real_games1234` DEFAULT CHARACTER SET latin1 COLLATE latin1_swedish_ci;
USE `real_games1234`;

-- --------------------------------------------------------

-- 
-- Table structure for table `Employee`
-- 

CREATE TABLE `Employee` (
  `ssn` int(11) NOT NULL,
  PRIMARY KEY (`ssn`)
) ENGINE=InnoDB DEFAULT CHARSET=latin1;

-- 
-- Dumping data for table `Employee`
-- 

INSERT INTO `Employee` VALUES (245500001);
INSERT INTO `Employee` VALUES (245500002);
INSERT INTO `Employee` VALUES (245500003);
INSERT INTO `Employee` VALUES (245500004);
INSERT INTO `Employee` VALUES (245500005);
INSERT INTO `Employee` VALUES (245500006);
INSERT INTO `Employee` VALUES (245500007);
INSERT INTO `Employee` VALUES (245500008);
INSERT INTO `Employee` VALUES (245500009);
INSERT INTO `Employee` VALUES (245500010);
INSERT INTO `Employee` VALUES (245500011);
INSERT INTO `Employee` VALUES (245500012);
INSERT INTO `Employee` VALUES (245500013);
INSERT INTO `Employee` VALUES (245500014);
INSERT INTO `Employee` VALUES (245500015);
INSERT INTO `Employee` VALUES (245500016);
INSERT INTO `Employee` VALUES (245500017);
INSERT INTO `Employee` VALUES (245500018);
INSERT INTO `Employee` VALUES (245500019);
INSERT INTO `Employee` VALUES (245500020);
INSERT INTO `Employee` VALUES (245500021);
INSERT INTO `Employee` VALUES (245500022);
INSERT INTO `Employee` VALUES (245500023);
INSERT INTO `Employee` VALUES (245500024);
INSERT INTO `Employee` VALUES (245500025);
INSERT INTO `Employee` VALUES (245500026);
INSERT INTO `Employee` VALUES (245500027);
INSERT INTO `Employee` VALUES (245500028);
INSERT INTO `Employee` VALUES (245500029);
INSERT INTO `Employee` VALUES (245500030);
INSERT INTO `Employee` VALUES (245500031);
INSERT INTO `Employee` VALUES (245500032);
INSERT INTO `Employee` VALUES (245500033);
INSERT INTO `Employee` VALUES (245500034);
INSERT INTO `Employee` VALUES (245500035);
INSERT INTO `Employee` VALUES (245500036);
INSERT INTO `Employee` VALUES (245500037);
INSERT INTO `Employee` VALUES (245500038);
INSERT INTO `Employee` VALUES (245500039);
INSERT INTO `Employee` VALUES (245500040);
INSERT INTO `Employee` VALUES (245500041);
INSERT INTO `Employee` VALUES (245500042);
INSERT INTO `Employee` VALUES (245500043);
INSERT INTO `Employee` VALUES (245500044);
INSERT INTO `Employee` VALUES (245500045);
INSERT INTO `Employee` VALUES (245500046);
INSERT INTO `Employee` VALUES (245500047);
INSERT INTO `Employee` VALUES (245500048);
INSERT INTO `Employee` VALUES (245500049);
INSERT INTO `Employee` VALUES (245500050);
INSERT INTO `Employee` VALUES (541970051);
INSERT INTO `Employee` VALUES (541970052);
INSERT INTO `Employee` VALUES (541970053);
INSERT INTO `Employee` VALUES (541970054);
INSERT INTO `Employee` VALUES (541970055);
INSERT INTO `Employee` VALUES (541970056);
INSERT INTO `Employee` VALUES (541970057);
INSERT INTO `Employee` VALUES (541970058);
INSERT INTO `Employee` VALUES (541970059);
INSERT INTO `Employee` VALUES (541970060);
INSERT INTO `Employee` VALUES (541970061);
INSERT INTO `Employee` VALUES (541970062);
INSERT INTO `Employee` VALUES (541970063);
INSERT INTO `Employee` VALUES (541970064);
INSERT INTO `Employee` VALUES (541970065);
INSERT INTO `Employee` VALUES (541970066);
INSERT INTO `Employee` VALUES (541970067);
INSERT INTO `Employee` VALUES (541970068);
INSERT INTO `Employee` VALUES (541970069);
INSERT INTO `Employee` VALUES (541970070);
INSERT INTO `Employee` VALUES (541970071);
INSERT INTO `Employee` VALUES (541970072);
INSERT INTO `Employee` VALUES (541970073);
INSERT INTO `Employee` VALUES (541970074);
INSERT INTO `Employee` VALUES (541970075);
INSERT INTO `Employee` VALUES (541970076);
INSERT INTO `Employee` VALUES (541970077);
INSERT INTO `Employee` VALUES (541970078);
INSERT INTO `Employee` VALUES (541970079);
INSERT INTO `Employee` VALUES (541970080);

-- --------------------------------------------------------

-- 
-- Table structure for table `company`
-- 

CREATE TABLE `company` (
  `c_id` int(11) NOT NULL,
  `c_name` varchar(20) DEFAULT NULL,
  `Year_Found` year(4) DEFAULT NULL,
  `worth` int(11) DEFAULT NULL,
  PRIMARY KEY (`c_id`),
  KEY `c_name` (`c_name`)
) ENGINE=InnoDB DEFAULT CHARSET=latin1;

-- 
-- Dumping data for table `company`
-- 

INSERT INTO `company` VALUES (1, 'Square Enix', 2011, 18);
INSERT INTO `company` VALUES (2, 'Mojang', 1974, 20);
INSERT INTO `company` VALUES (3, 'Konami', 1978, 21);
INSERT INTO `company` VALUES (4, 'EA', 1980, 34);
INSERT INTO `company` VALUES (5, 'Sony', 1986, 121);
INSERT INTO `company` VALUES (6, 'Sega', 2013, 42);
INSERT INTO `company` VALUES (7, 'Ubisoft', 1976, 5);
INSERT INTO `company` VALUES (8, 'Nintendo', 1983, 19);
INSERT INTO `company` VALUES (9, 'Microsoft', 1979, 169);
INSERT INTO `company` VALUES (10, 'Valve', 1990, 23);
INSERT INTO `company` VALUES (11, 'Apple', 1974, 156);
INSERT INTO `company` VALUES (12, 'Google', 2001, 213);
INSERT INTO `company` VALUES (13, 'Other', 2000, 1);

-- --------------------------------------------------------

-- 
-- Table structure for table `customer`
-- 

CREATE TABLE `customer` (
  `ssn` int(11) NOT NULL,
  PRIMARY KEY (`ssn`)
) ENGINE=InnoDB DEFAULT CHARSET=latin1;

-- 
-- Dumping data for table `customer`
-- 

INSERT INTO `customer` VALUES (210590001);
INSERT INTO `customer` VALUES (210590002);
INSERT INTO `customer` VALUES (210590003);
INSERT INTO `customer` VALUES (210590004);
INSERT INTO `customer` VALUES (210590005);
INSERT INTO `customer` VALUES (210590006);
INSERT INTO `customer` VALUES (210590007);
INSERT INTO `customer` VALUES (210590008);
INSERT INTO `customer` VALUES (210590009);
INSERT INTO `customer` VALUES (210590010);
INSERT INTO `customer` VALUES (210590011);
INSERT INTO `customer` VALUES (210590012);
INSERT INTO `customer` VALUES (210590013);
INSERT INTO `customer` VALUES (210590014);
INSERT INTO `customer` VALUES (210590015);
INSERT INTO `customer` VALUES (210590016);
INSERT INTO `customer` VALUES (210590017);
INSERT INTO `customer` VALUES (210590018);
INSERT INTO `customer` VALUES (210590019);
INSERT INTO `customer` VALUES (210590020);
INSERT INTO `customer` VALUES (210590021);
INSERT INTO `customer` VALUES (210590022);
INSERT INTO `customer` VALUES (210590023);
INSERT INTO `customer` VALUES (210590024);
INSERT INTO `customer` VALUES (210590025);
INSERT INTO `customer` VALUES (210590026);
INSERT INTO `customer` VALUES (210590027);
INSERT INTO `customer` VALUES (210590028);
INSERT INTO `customer` VALUES (210590029);
INSERT INTO `customer` VALUES (210590030);
INSERT INTO `customer` VALUES (210590031);
INSERT INTO `customer` VALUES (210590032);
INSERT INTO `customer` VALUES (210590033);
INSERT INTO `customer` VALUES (210590034);
INSERT INTO `customer` VALUES (210590035);
INSERT INTO `customer` VALUES (210590036);
INSERT INTO `customer` VALUES (210590037);
INSERT INTO `customer` VALUES (210590038);
INSERT INTO `customer` VALUES (210590039);
INSERT INTO `customer` VALUES (210590040);
INSERT INTO `customer` VALUES (210590041);
INSERT INTO `customer` VALUES (210590042);
INSERT INTO `customer` VALUES (210590043);
INSERT INTO `customer` VALUES (210590044);
INSERT INTO `customer` VALUES (210590045);
INSERT INTO `customer` VALUES (210590046);
INSERT INTO `customer` VALUES (210590047);
INSERT INTO `customer` VALUES (210590048);
INSERT INTO `customer` VALUES (210590049);
INSERT INTO `customer` VALUES (210590050);
INSERT INTO `customer` VALUES (210590051);
INSERT INTO `customer` VALUES (210590052);
INSERT INTO `customer` VALUES (210590053);
INSERT INTO `customer` VALUES (210590054);
INSERT INTO `customer` VALUES (210590055);
INSERT INTO `customer` VALUES (210590056);
INSERT INTO `customer` VALUES (210590057);
INSERT INTO `customer` VALUES (210590058);
INSERT INTO `customer` VALUES (210590059);
INSERT INTO `customer` VALUES (210590060);
INSERT INTO `customer` VALUES (210590061);
INSERT INTO `customer` VALUES (210590062);
INSERT INTO `customer` VALUES (210590063);
INSERT INTO `customer` VALUES (210590064);
INSERT INTO `customer` VALUES (210590065);
INSERT INTO `customer` VALUES (210590066);
INSERT INTO `customer` VALUES (210590067);
INSERT INTO `customer` VALUES (210590068);
INSERT INTO `customer` VALUES (210590069);
INSERT INTO `customer` VALUES (210590070);
INSERT INTO `customer` VALUES (210590071);
INSERT INTO `customer` VALUES (210590072);
INSERT INTO `customer` VALUES (210590073);
INSERT INTO `customer` VALUES (210590074);
INSERT INTO `customer` VALUES (210590075);
INSERT INTO `customer` VALUES (210590076);
INSERT INTO `customer` VALUES (210590077);
INSERT INTO `customer` VALUES (210590078);
INSERT INTO `customer` VALUES (210590079);
INSERT INTO `customer` VALUES (210590080);
INSERT INTO `customer` VALUES (210590081);
INSERT INTO `customer` VALUES (210590082);
INSERT INTO `customer` VALUES (210590083);
INSERT INTO `customer` VALUES (210590084);
INSERT INTO `customer` VALUES (210590085);
INSERT INTO `customer` VALUES (210590086);
INSERT INTO `customer` VALUES (210590087);
INSERT INTO `customer` VALUES (210590088);
INSERT INTO `customer` VALUES (210590089);
INSERT INTO `customer` VALUES (210590090);

-- --------------------------------------------------------

-- 
-- Table structure for table `customer_buy_gp`
-- 

CREATE TABLE `customer_buy_gp` (
  `gp_id` int(11) NOT NULL DEFAULT '0',
  `c_ssn` int(11) NOT NULL DEFAULT '0',
  `rating` int(11) DEFAULT NULL,
  `purchase_data` date DEFAULT NULL,
  PRIMARY KEY (`gp_id`,`c_ssn`),
  KEY `c_ssn` (`c_ssn`)
) ENGINE=InnoDB DEFAULT CHARSET=latin1;

-- 
-- Dumping data for table `customer_buy_gp`
-- 

INSERT INTO `customer_buy_gp` VALUES (1, 210590043, 6, '1956-08-24');
INSERT INTO `customer_buy_gp` VALUES (1, 210590087, 10, '1965-04-25');
INSERT INTO `customer_buy_gp` VALUES (2, 210590038, 7, '1964-06-23');
INSERT INTO `customer_buy_gp` VALUES (3, 210590012, 7, '1956-12-28');
INSERT INTO `customer_buy_gp` VALUES (3, 210590014, 2, '1988-07-21');
INSERT INTO `customer_buy_gp` VALUES (4, 210590016, 6, '1967-05-06');
INSERT INTO `customer_buy_gp` VALUES (4, 210590017, 6, '1962-08-28');
INSERT INTO `customer_buy_gp` VALUES (4, 210590031, 7, '1996-09-08');
INSERT INTO `customer_buy_gp` VALUES (4, 210590051, 7, '2008-08-23');
INSERT INTO `customer_buy_gp` VALUES (4, 210590083, 7, '1961-01-30');
INSERT INTO `customer_buy_gp` VALUES (5, 210590022, 6, '2007-04-18');
INSERT INTO `customer_buy_gp` VALUES (5, 210590024, 8, '1995-01-16');
INSERT INTO `customer_buy_gp` VALUES (5, 210590050, 5, '2003-02-18');
INSERT INTO `customer_buy_gp` VALUES (5, 210590055, 4, '1963-10-21');
INSERT INTO `customer_buy_gp` VALUES (5, 210590064, 7, '1996-11-22');
INSERT INTO `customer_buy_gp` VALUES (6, 210590014, 3, '1952-10-15');
INSERT INTO `customer_buy_gp` VALUES (6, 210590018, 8, '2000-07-21');
INSERT INTO `customer_buy_gp` VALUES (6, 210590033, 2, '1950-06-13');
INSERT INTO `customer_buy_gp` VALUES (6, 210590059, 8, '1994-04-27');
INSERT INTO `customer_buy_gp` VALUES (6, 210590067, 1, '1999-07-25');
INSERT INTO `customer_buy_gp` VALUES (7, 210590010, 3, '1959-10-14');
INSERT INTO `customer_buy_gp` VALUES (7, 210590011, 3, '2002-07-11');
INSERT INTO `customer_buy_gp` VALUES (7, 210590033, 5, '2003-11-01');
INSERT INTO `customer_buy_gp` VALUES (7, 210590083, 3, '1952-08-24');
INSERT INTO `customer_buy_gp` VALUES (7, 210590085, 8, '1983-12-03');
INSERT INTO `customer_buy_gp` VALUES (8, 210590042, 9, '1995-07-17');
INSERT INTO `customer_buy_gp` VALUES (9, 210590021, 1, '1993-01-20');
INSERT INTO `customer_buy_gp` VALUES (9, 210590029, 4, '2006-07-23');
INSERT INTO `customer_buy_gp` VALUES (9, 210590051, 10, '1955-01-01');
INSERT INTO `customer_buy_gp` VALUES (9, 210590058, 10, '1999-02-24');
INSERT INTO `customer_buy_gp` VALUES (10, 210590008, 7, '1970-05-13');
INSERT INTO `customer_buy_gp` VALUES (11, 210590011, 1, '1982-11-10');
INSERT INTO `customer_buy_gp` VALUES (11, 210590029, 7, '1959-04-01');
INSERT INTO `customer_buy_gp` VALUES (11, 210590043, 9, '1977-08-26');
INSERT INTO `customer_buy_gp` VALUES (11, 210590058, 9, '1998-05-12');
INSERT INTO `customer_buy_gp` VALUES (12, 210590040, 7, '1986-06-23');
INSERT INTO `customer_buy_gp` VALUES (12, 210590043, 9, '1995-06-04');
INSERT INTO `customer_buy_gp` VALUES (12, 210590051, 9, '1968-07-04');
INSERT INTO `customer_buy_gp` VALUES (12, 210590063, 1, '1968-08-03');
INSERT INTO `customer_buy_gp` VALUES (12, 210590067, 8, '1977-01-23');
INSERT INTO `customer_buy_gp` VALUES (13, 210590047, 4, '1951-12-12');
INSERT INTO `customer_buy_gp` VALUES (13, 210590071, 4, '1974-06-30');
INSERT INTO `customer_buy_gp` VALUES (14, 210590048, 5, '1967-04-22');
INSERT INTO `customer_buy_gp` VALUES (14, 210590067, 5, '1999-12-25');
INSERT INTO `customer_buy_gp` VALUES (15, 210590010, 2, '1973-12-11');
INSERT INTO `customer_buy_gp` VALUES (15, 210590034, 6, '1956-04-07');
INSERT INTO `customer_buy_gp` VALUES (16, 210590001, 7, '1964-01-28');
INSERT INTO `customer_buy_gp` VALUES (16, 210590036, 1, '1977-12-13');
INSERT INTO `customer_buy_gp` VALUES (16, 210590072, 9, '1967-03-19');
INSERT INTO `customer_buy_gp` VALUES (16, 210590079, 2, '1959-07-16');
INSERT INTO `customer_buy_gp` VALUES (16, 210590084, 10, '1974-03-29');
INSERT INTO `customer_buy_gp` VALUES (17, 210590006, 10, '1957-09-25');
INSERT INTO `customer_buy_gp` VALUES (17, 210590027, 4, '2002-03-21');
INSERT INTO `customer_buy_gp` VALUES (17, 210590029, 2, '1971-09-24');
INSERT INTO `customer_buy_gp` VALUES (17, 210590058, 8, '1969-01-15');
INSERT INTO `customer_buy_gp` VALUES (18, 210590029, 8, '1980-08-24');
INSERT INTO `customer_buy_gp` VALUES (18, 210590043, 9, '1954-09-30');
INSERT INTO `customer_buy_gp` VALUES (18, 210590060, 8, '1978-05-20');
INSERT INTO `customer_buy_gp` VALUES (19, 210590003, 3, '2002-03-29');
INSERT INTO `customer_buy_gp` VALUES (19, 210590029, 7, '2000-06-21');
INSERT INTO `customer_buy_gp` VALUES (19, 210590036, 7, '1955-06-02');
INSERT INTO `customer_buy_gp` VALUES (19, 210590082, 9, '1956-07-21');
INSERT INTO `customer_buy_gp` VALUES (20, 210590002, 4, '1974-02-19');
INSERT INTO `customer_buy_gp` VALUES (20, 210590019, 4, '1959-11-22');
INSERT INTO `customer_buy_gp` VALUES (20, 210590031, 8, '1952-07-25');
INSERT INTO `customer_buy_gp` VALUES (20, 210590060, 6, '1998-07-16');
INSERT INTO `customer_buy_gp` VALUES (21, 210590058, 2, '1960-12-08');
INSERT INTO `customer_buy_gp` VALUES (21, 210590060, 4, '1956-12-06');
INSERT INTO `customer_buy_gp` VALUES (22, 210590017, 9, '1974-12-16');
INSERT INTO `customer_buy_gp` VALUES (22, 210590020, 4, '1964-03-16');
INSERT INTO `customer_buy_gp` VALUES (22, 210590055, 4, '1952-02-21');
INSERT INTO `customer_buy_gp` VALUES (22, 210590090, 5, '2000-08-30');
INSERT INTO `customer_buy_gp` VALUES (23, 210590001, 10, '1998-01-30');
INSERT INTO `customer_buy_gp` VALUES (23, 210590025, 9, '2012-08-09');
INSERT INTO `customer_buy_gp` VALUES (23, 210590032, 10, '1968-06-14');
INSERT INTO `customer_buy_gp` VALUES (23, 210590045, 4, '1983-01-14');
INSERT INTO `customer_buy_gp` VALUES (23, 210590074, 8, '1959-08-27');
INSERT INTO `customer_buy_gp` VALUES (24, 210590011, 6, '1960-06-02');
INSERT INTO `customer_buy_gp` VALUES (24, 210590058, 10, '1999-06-05');
INSERT INTO `customer_buy_gp` VALUES (25, 210590060, 7, '1978-02-14');
INSERT INTO `customer_buy_gp` VALUES (26, 210590002, 5, '1957-03-10');
INSERT INTO `customer_buy_gp` VALUES (27, 210590029, 4, '1975-05-04');
INSERT INTO `customer_buy_gp` VALUES (28, 210590006, 7, '1954-04-20');
INSERT INTO `customer_buy_gp` VALUES (28, 210590045, 2, '1974-05-05');
INSERT INTO `customer_buy_gp` VALUES (28, 210590055, 9, '2013-01-18');
INSERT INTO `customer_buy_gp` VALUES (29, 210590040, 8, '1999-10-17');
INSERT INTO `customer_buy_gp` VALUES (29, 210590056, 7, '2012-09-19');
INSERT INTO `customer_buy_gp` VALUES (29, 210590057, 7, '1995-01-27');
INSERT INTO `customer_buy_gp` VALUES (29, 210590064, 3, '1953-01-19');
INSERT INTO `customer_buy_gp` VALUES (29, 210590072, 2, '1965-10-25');
INSERT INTO `customer_buy_gp` VALUES (30, 210590035, 1, '2010-05-09');
INSERT INTO `customer_buy_gp` VALUES (30, 210590075, 5, '1985-05-12');
INSERT INTO `customer_buy_gp` VALUES (31, 210590009, 4, '1974-03-13');
INSERT INTO `customer_buy_gp` VALUES (31, 210590028, 6, '2002-06-15');
INSERT INTO `customer_buy_gp` VALUES (31, 210590034, 2, '1984-12-12');
INSERT INTO `customer_buy_gp` VALUES (31, 210590068, 10, '1974-04-13');
INSERT INTO `customer_buy_gp` VALUES (31, 210590086, 5, '1995-11-26');
INSERT INTO `customer_buy_gp` VALUES (32, 210590020, 6, '1967-11-09');
INSERT INTO `customer_buy_gp` VALUES (32, 210590030, 3, '1990-02-13');
INSERT INTO `customer_buy_gp` VALUES (33, 210590036, 7, '1985-08-13');
INSERT INTO `customer_buy_gp` VALUES (34, 210590047, 5, '1984-01-04');
INSERT INTO `customer_buy_gp` VALUES (35, 210590006, 4, '1974-05-05');
INSERT INTO `customer_buy_gp` VALUES (35, 210590028, 9, '2004-08-09');
INSERT INTO `customer_buy_gp` VALUES (35, 210590077, 2, '1962-01-01');
INSERT INTO `customer_buy_gp` VALUES (36, 210590005, 9, '1954-06-08');
INSERT INTO `customer_buy_gp` VALUES (36, 210590050, 1, '2011-04-15');
INSERT INTO `customer_buy_gp` VALUES (36, 210590086, 2, '1984-07-07');
INSERT INTO `customer_buy_gp` VALUES (37, 210590031, 7, '2005-09-19');
INSERT INTO `customer_buy_gp` VALUES (38, 210590034, 5, '1983-02-11');
INSERT INTO `customer_buy_gp` VALUES (38, 210590055, 10, '1972-02-28');
INSERT INTO `customer_buy_gp` VALUES (38, 210590067, 5, '1960-04-24');
INSERT INTO `customer_buy_gp` VALUES (39, 210590039, 1, '1988-07-14');
INSERT INTO `customer_buy_gp` VALUES (39, 210590055, 1, '2001-10-08');
INSERT INTO `customer_buy_gp` VALUES (40, 210590045, 5, '1999-08-15');
INSERT INTO `customer_buy_gp` VALUES (40, 210590049, 5, '2007-06-21');
INSERT INTO `customer_buy_gp` VALUES (40, 210590054, 4, '2002-01-10');
INSERT INTO `customer_buy_gp` VALUES (40, 210590087, 8, '1970-05-02');
INSERT INTO `customer_buy_gp` VALUES (40, 210590088, 1, '2010-07-29');
INSERT INTO `customer_buy_gp` VALUES (41, 210590012, 8, '1960-09-04');
INSERT INTO `customer_buy_gp` VALUES (41, 210590070, 2, '1980-06-20');
INSERT INTO `customer_buy_gp` VALUES (41, 210590077, 1, '1960-07-28');
INSERT INTO `customer_buy_gp` VALUES (41, 210590085, 6, '1971-07-26');
INSERT INTO `customer_buy_gp` VALUES (42, 210590066, 9, '1966-03-30');
INSERT INTO `customer_buy_gp` VALUES (43, 210590074, 8, '1990-09-30');
INSERT INTO `customer_buy_gp` VALUES (43, 210590076, 3, '2007-05-17');
INSERT INTO `customer_buy_gp` VALUES (43, 210590081, 4, '1967-01-02');
INSERT INTO `customer_buy_gp` VALUES (44, 210590012, 7, '1973-04-08');
INSERT INTO `customer_buy_gp` VALUES (44, 210590013, 6, '1995-03-08');
INSERT INTO `customer_buy_gp` VALUES (44, 210590068, 10, '2004-09-05');
INSERT INTO `customer_buy_gp` VALUES (44, 210590075, 9, '1987-10-17');
INSERT INTO `customer_buy_gp` VALUES (44, 210590077, 6, '2008-03-04');
INSERT INTO `customer_buy_gp` VALUES (45, 210590018, 10, '1966-12-03');
INSERT INTO `customer_buy_gp` VALUES (45, 210590029, 10, '1989-06-16');
INSERT INTO `customer_buy_gp` VALUES (45, 210590061, 1, '2001-05-11');
INSERT INTO `customer_buy_gp` VALUES (45, 210590080, 1, '1970-08-17');
INSERT INTO `customer_buy_gp` VALUES (45, 210590085, 2, '1964-10-13');
INSERT INTO `customer_buy_gp` VALUES (46, 210590089, 7, '1997-09-02');
INSERT INTO `customer_buy_gp` VALUES (47, 210590058, 6, '1979-01-02');
INSERT INTO `customer_buy_gp` VALUES (48, 210590009, 7, '1961-02-26');
INSERT INTO `customer_buy_gp` VALUES (48, 210590020, 2, '1964-07-08');
INSERT INTO `customer_buy_gp` VALUES (49, 210590008, 9, '2012-02-14');
INSERT INTO `customer_buy_gp` VALUES (49, 210590031, 3, '1955-06-21');
INSERT INTO `customer_buy_gp` VALUES (49, 210590075, 10, '2002-10-19');
INSERT INTO `customer_buy_gp` VALUES (50, 210590024, 10, '2013-01-24');
INSERT INTO `customer_buy_gp` VALUES (50, 210590038, 8, '2008-10-12');
INSERT INTO `customer_buy_gp` VALUES (50, 210590067, 10, '1964-07-09');
INSERT INTO `customer_buy_gp` VALUES (50, 210590083, 2, '2013-06-22');
INSERT INTO `customer_buy_gp` VALUES (51, 210590057, 2, '1955-03-18');
INSERT INTO `customer_buy_gp` VALUES (52, 210590046, 2, '1981-01-20');
INSERT INTO `customer_buy_gp` VALUES (52, 210590047, 1, '1968-04-19');
INSERT INTO `customer_buy_gp` VALUES (52, 210590060, 5, '1964-03-04');
INSERT INTO `customer_buy_gp` VALUES (52, 210590070, 5, '1951-08-20');
INSERT INTO `customer_buy_gp` VALUES (52, 210590082, 7, '1957-01-29');
INSERT INTO `customer_buy_gp` VALUES (53, 210590026, 9, '1965-03-27');
INSERT INTO `customer_buy_gp` VALUES (54, 210590059, 10, '2004-10-24');
INSERT INTO `customer_buy_gp` VALUES (54, 210590061, 4, '1970-12-30');
INSERT INTO `customer_buy_gp` VALUES (55, 210590021, 2, '1968-06-09');
INSERT INTO `customer_buy_gp` VALUES (55, 210590088, 3, '1975-10-01');
INSERT INTO `customer_buy_gp` VALUES (56, 210590004, 8, '1953-06-28');
INSERT INTO `customer_buy_gp` VALUES (56, 210590023, 4, '1968-03-28');
INSERT INTO `customer_buy_gp` VALUES (56, 210590024, 2, '1966-05-04');
INSERT INTO `customer_buy_gp` VALUES (56, 210590045, 10, '1963-08-20');
INSERT INTO `customer_buy_gp` VALUES (56, 210590063, 6, '1962-12-29');
INSERT INTO `customer_buy_gp` VALUES (57, 210590010, 9, '1975-11-16');
INSERT INTO `customer_buy_gp` VALUES (57, 210590033, 2, '1971-01-03');
INSERT INTO `customer_buy_gp` VALUES (57, 210590053, 8, '1965-10-18');
INSERT INTO `customer_buy_gp` VALUES (58, 210590002, 9, '2006-09-17');
INSERT INTO `customer_buy_gp` VALUES (58, 210590003, 10, '1997-12-07');
INSERT INTO `customer_buy_gp` VALUES (58, 210590020, 2, '1964-04-08');
INSERT INTO `customer_buy_gp` VALUES (58, 210590061, 10, '2009-03-28');
INSERT INTO `customer_buy_gp` VALUES (58, 210590066, 10, '1985-12-17');
INSERT INTO `customer_buy_gp` VALUES (59, 210590003, 1, '2008-11-26');
INSERT INTO `customer_buy_gp` VALUES (59, 210590020, 1, '1967-08-21');
INSERT INTO `customer_buy_gp` VALUES (59, 210590022, 8, '1958-12-30');
INSERT INTO `customer_buy_gp` VALUES (59, 210590058, 5, '1990-07-18');
INSERT INTO `customer_buy_gp` VALUES (59, 210590071, 7, '2006-09-23');
INSERT INTO `customer_buy_gp` VALUES (60, 210590082, 9, '2005-09-13');
INSERT INTO `customer_buy_gp` VALUES (61, 210590053, 5, '2011-06-04');
INSERT INTO `customer_buy_gp` VALUES (62, 210590033, 9, '2011-07-27');
INSERT INTO `customer_buy_gp` VALUES (62, 210590080, 2, '1979-06-21');
INSERT INTO `customer_buy_gp` VALUES (63, 210590048, 5, '2014-11-17');
INSERT INTO `customer_buy_gp` VALUES (64, 210590001, 10, '1997-01-11');
INSERT INTO `customer_buy_gp` VALUES (64, 210590002, 5, '2011-09-05');
INSERT INTO `customer_buy_gp` VALUES (64, 210590005, 6, '1988-02-07');
INSERT INTO `customer_buy_gp` VALUES (64, 210590014, 6, '2011-12-24');
INSERT INTO `customer_buy_gp` VALUES (64, 210590041, 3, '1972-03-12');
INSERT INTO `customer_buy_gp` VALUES (65, 210590007, 10, '1998-10-07');
INSERT INTO `customer_buy_gp` VALUES (65, 210590061, 2, '2010-12-11');
INSERT INTO `customer_buy_gp` VALUES (66, 210590012, 1, '1978-01-20');
INSERT INTO `customer_buy_gp` VALUES (66, 210590029, 6, '2005-03-19');
INSERT INTO `customer_buy_gp` VALUES (66, 210590032, 7, '1970-03-20');
INSERT INTO `customer_buy_gp` VALUES (66, 210590088, 10, '1986-10-15');
INSERT INTO `customer_buy_gp` VALUES (67, 210590084, 6, '1994-06-15');
INSERT INTO `customer_buy_gp` VALUES (68, 210590039, 3, '2013-04-08');
INSERT INTO `customer_buy_gp` VALUES (69, 210590077, 6, '1996-05-13');
INSERT INTO `customer_buy_gp` VALUES (70, 210590001, 5, '1985-05-20');
INSERT INTO `customer_buy_gp` VALUES (70, 210590015, 7, '1972-09-19');
INSERT INTO `customer_buy_gp` VALUES (70, 210590019, 5, '1989-02-13');
INSERT INTO `customer_buy_gp` VALUES (70, 210590036, 1, '1953-10-23');
INSERT INTO `customer_buy_gp` VALUES (70, 210590043, 10, '1992-10-07');
INSERT INTO `customer_buy_gp` VALUES (71, 210590037, 10, '1988-04-23');
INSERT INTO `customer_buy_gp` VALUES (71, 210590062, 6, '1969-07-08');
INSERT INTO `customer_buy_gp` VALUES (71, 210590079, 5, '1973-09-29');
INSERT INTO `customer_buy_gp` VALUES (72, 210590009, 1, '1995-05-26');
INSERT INTO `customer_buy_gp` VALUES (72, 210590086, 1, '1969-09-12');
INSERT INTO `customer_buy_gp` VALUES (73, 210590028, 1, '1971-06-10');
INSERT INTO `customer_buy_gp` VALUES (73, 210590050, 2, '2007-01-13');
INSERT INTO `customer_buy_gp` VALUES (74, 210590029, 6, '1995-02-01');
INSERT INTO `customer_buy_gp` VALUES (74, 210590089, 2, '1978-12-09');
INSERT INTO `customer_buy_gp` VALUES (75, 210590013, 3, '1977-01-22');
INSERT INTO `customer_buy_gp` VALUES (75, 210590041, 2, '1998-06-18');
INSERT INTO `customer_buy_gp` VALUES (75, 210590058, 7, '1959-02-12');
INSERT INTO `customer_buy_gp` VALUES (75, 210590067, 5, '2003-03-09');
INSERT INTO `customer_buy_gp` VALUES (76, 210590031, 1, '1957-06-21');
INSERT INTO `customer_buy_gp` VALUES (76, 210590045, 8, '1998-10-14');
INSERT INTO `customer_buy_gp` VALUES (77, 210590004, 5, '1972-02-23');
INSERT INTO `customer_buy_gp` VALUES (77, 210590005, 3, '1981-11-01');
INSERT INTO `customer_buy_gp` VALUES (77, 210590016, 3, '1960-02-21');
INSERT INTO `customer_buy_gp` VALUES (77, 210590054, 5, '1985-02-15');
INSERT INTO `customer_buy_gp` VALUES (77, 210590079, 9, '1983-11-29');
INSERT INTO `customer_buy_gp` VALUES (78, 210590079, 3, '1988-07-05');
INSERT INTO `customer_buy_gp` VALUES (79, 210590040, 5, '1976-06-27');
INSERT INTO `customer_buy_gp` VALUES (79, 210590042, 9, '1994-01-04');
INSERT INTO `customer_buy_gp` VALUES (80, 210590005, 7, '1975-09-13');
INSERT INTO `customer_buy_gp` VALUES (80, 210590085, 3, '1953-10-10');
INSERT INTO `customer_buy_gp` VALUES (81, 210590036, 9, '1968-10-07');
INSERT INTO `customer_buy_gp` VALUES (81, 210590037, 10, '2004-09-05');
INSERT INTO `customer_buy_gp` VALUES (81, 210590070, 2, '1970-10-04');
INSERT INTO `customer_buy_gp` VALUES (82, 210590027, 7, '1979-11-30');
INSERT INTO `customer_buy_gp` VALUES (82, 210590038, 6, '1966-07-28');
INSERT INTO `customer_buy_gp` VALUES (83, 210590004, 1, '1957-05-18');
INSERT INTO `customer_buy_gp` VALUES (83, 210590046, 1, '1995-02-22');
INSERT INTO `customer_buy_gp` VALUES (83, 210590062, 8, '1999-04-18');
INSERT INTO `customer_buy_gp` VALUES (83, 210590068, 5, '1991-04-29');
INSERT INTO `customer_buy_gp` VALUES (84, 210590019, 1, '1963-12-03');
INSERT INTO `customer_buy_gp` VALUES (84, 210590031, 1, '1991-02-16');
INSERT INTO `customer_buy_gp` VALUES (84, 210590056, 1, '1973-04-22');
INSERT INTO `customer_buy_gp` VALUES (84, 210590078, 7, '1987-09-02');
INSERT INTO `customer_buy_gp` VALUES (85, 210590081, 8, '2010-03-28');
INSERT INTO `customer_buy_gp` VALUES (86, 210590009, 9, '1980-01-20');
INSERT INTO `customer_buy_gp` VALUES (86, 210590054, 8, '1981-06-30');
INSERT INTO `customer_buy_gp` VALUES (86, 210590063, 10, '1995-10-21');
INSERT INTO `customer_buy_gp` VALUES (86, 210590086, 1, '1970-07-18');
INSERT INTO `customer_buy_gp` VALUES (87, 210590058, 3, '1994-11-08');
INSERT INTO `customer_buy_gp` VALUES (87, 210590089, 4, '2004-07-25');
INSERT INTO `customer_buy_gp` VALUES (88, 210590025, 7, '1993-03-02');
INSERT INTO `customer_buy_gp` VALUES (88, 210590068, 5, '1971-05-19');
INSERT INTO `customer_buy_gp` VALUES (88, 210590090, 5, '1976-01-27');
INSERT INTO `customer_buy_gp` VALUES (89, 210590036, 3, '2009-05-29');
INSERT INTO `customer_buy_gp` VALUES (89, 210590039, 9, '1976-01-26');
INSERT INTO `customer_buy_gp` VALUES (89, 210590080, 10, '1959-03-18');
INSERT INTO `customer_buy_gp` VALUES (89, 210590081, 3, '1971-11-06');
INSERT INTO `customer_buy_gp` VALUES (89, 210590082, 9, '1962-06-25');
INSERT INTO `customer_buy_gp` VALUES (90, 210590006, 1, '1951-08-30');
INSERT INTO `customer_buy_gp` VALUES (90, 210590024, 3, '1967-01-29');
INSERT INTO `customer_buy_gp` VALUES (91, 210590002, 2, '1987-03-05');
INSERT INTO `customer_buy_gp` VALUES (91, 210590037, 7, '1952-03-17');
INSERT INTO `customer_buy_gp` VALUES (91, 210590039, 9, '1968-03-25');
INSERT INTO `customer_buy_gp` VALUES (91, 210590082, 2, '2007-01-13');
INSERT INTO `customer_buy_gp` VALUES (92, 210590019, 8, '2009-02-01');
INSERT INTO `customer_buy_gp` VALUES (92, 210590065, 8, '1951-01-17');
INSERT INTO `customer_buy_gp` VALUES (92, 210590071, 9, '1964-06-01');
INSERT INTO `customer_buy_gp` VALUES (93, 210590027, 8, '1974-09-24');
INSERT INTO `customer_buy_gp` VALUES (94, 210590005, 9, '1987-08-29');
INSERT INTO `customer_buy_gp` VALUES (94, 210590077, 10, '1998-02-13');
INSERT INTO `customer_buy_gp` VALUES (94, 210590087, 4, '1985-07-01');
INSERT INTO `customer_buy_gp` VALUES (95, 210590003, 2, '1985-05-15');
INSERT INTO `customer_buy_gp` VALUES (95, 210590041, 9, '2002-08-06');
INSERT INTO `customer_buy_gp` VALUES (95, 210590087, 5, '2007-10-14');
INSERT INTO `customer_buy_gp` VALUES (95, 210590088, 8, '1998-09-10');
INSERT INTO `customer_buy_gp` VALUES (96, 210590030, 5, '1967-09-30');
INSERT INTO `customer_buy_gp` VALUES (96, 210590068, 1, '2007-06-13');
INSERT INTO `customer_buy_gp` VALUES (97, 210590014, 4, '1960-05-03');
INSERT INTO `customer_buy_gp` VALUES (97, 210590056, 5, '1969-06-27');
INSERT INTO `customer_buy_gp` VALUES (97, 210590060, 3, '1994-05-09');
INSERT INTO `customer_buy_gp` VALUES (98, 210590004, 5, '2005-02-23');
INSERT INTO `customer_buy_gp` VALUES (98, 210590013, 9, '1950-09-18');
INSERT INTO `customer_buy_gp` VALUES (98, 210590023, 8, '1960-04-07');
INSERT INTO `customer_buy_gp` VALUES (98, 210590039, 5, '1989-04-18');
INSERT INTO `customer_buy_gp` VALUES (99, 210590035, 6, '1960-02-18');
INSERT INTO `customer_buy_gp` VALUES (99, 210590076, 6, '1991-05-16');
INSERT INTO `customer_buy_gp` VALUES (100, 210590009, 6, '1979-07-06');
INSERT INTO `customer_buy_gp` VALUES (100, 210590040, 7, '2001-08-10');
INSERT INTO `customer_buy_gp` VALUES (100, 210590056, 8, '2005-07-09');

-- --------------------------------------------------------

-- 
-- Table structure for table `customer_own_device`
-- 

CREATE TABLE `customer_own_device` (
  `p_id` int(11) NOT NULL DEFAULT '0',
  `cost_ssn` int(11) NOT NULL DEFAULT '0',
  PRIMARY KEY (`p_id`,`cost_ssn`),
  KEY `cost_ssn` (`cost_ssn`)
) ENGINE=InnoDB DEFAULT CHARSET=latin1;

-- 
-- Dumping data for table `customer_own_device`
-- 

INSERT INTO `customer_own_device` VALUES (1, 210590001);
INSERT INTO `customer_own_device` VALUES (10, 210590001);
INSERT INTO `customer_own_device` VALUES (1, 210590002);
INSERT INTO `customer_own_device` VALUES (10, 210590002);
INSERT INTO `customer_own_device` VALUES (1, 210590003);
INSERT INTO `customer_own_device` VALUES (10, 210590003);
INSERT INTO `customer_own_device` VALUES (1, 210590004);
INSERT INTO `customer_own_device` VALUES (10, 210590004);
INSERT INTO `customer_own_device` VALUES (1, 210590005);
INSERT INTO `customer_own_device` VALUES (10, 210590005);
INSERT INTO `customer_own_device` VALUES (1, 210590006);
INSERT INTO `customer_own_device` VALUES (10, 210590006);
INSERT INTO `customer_own_device` VALUES (1, 210590007);
INSERT INTO `customer_own_device` VALUES (5, 210590007);
INSERT INTO `customer_own_device` VALUES (10, 210590007);
INSERT INTO `customer_own_device` VALUES (1, 210590008);
INSERT INTO `customer_own_device` VALUES (5, 210590008);
INSERT INTO `customer_own_device` VALUES (10, 210590008);
INSERT INTO `customer_own_device` VALUES (1, 210590009);
INSERT INTO `customer_own_device` VALUES (5, 210590009);
INSERT INTO `customer_own_device` VALUES (10, 210590009);
INSERT INTO `customer_own_device` VALUES (1, 210590010);
INSERT INTO `customer_own_device` VALUES (5, 210590010);
INSERT INTO `customer_own_device` VALUES (10, 210590010);
INSERT INTO `customer_own_device` VALUES (1, 210590011);
INSERT INTO `customer_own_device` VALUES (4, 210590011);
INSERT INTO `customer_own_device` VALUES (5, 210590011);
INSERT INTO `customer_own_device` VALUES (10, 210590011);
INSERT INTO `customer_own_device` VALUES (1, 210590022);
INSERT INTO `customer_own_device` VALUES (4, 210590022);
INSERT INTO `customer_own_device` VALUES (5, 210590022);
INSERT INTO `customer_own_device` VALUES (10, 210590022);
INSERT INTO `customer_own_device` VALUES (1, 210590023);
INSERT INTO `customer_own_device` VALUES (4, 210590023);
INSERT INTO `customer_own_device` VALUES (5, 210590023);
INSERT INTO `customer_own_device` VALUES (10, 210590023);
INSERT INTO `customer_own_device` VALUES (1, 210590024);
INSERT INTO `customer_own_device` VALUES (4, 210590024);
INSERT INTO `customer_own_device` VALUES (5, 210590024);
INSERT INTO `customer_own_device` VALUES (10, 210590024);
INSERT INTO `customer_own_device` VALUES (1, 210590025);
INSERT INTO `customer_own_device` VALUES (4, 210590025);
INSERT INTO `customer_own_device` VALUES (5, 210590025);
INSERT INTO `customer_own_device` VALUES (1, 210590026);
INSERT INTO `customer_own_device` VALUES (4, 210590026);
INSERT INTO `customer_own_device` VALUES (5, 210590026);
INSERT INTO `customer_own_device` VALUES (1, 210590027);
INSERT INTO `customer_own_device` VALUES (4, 210590027);
INSERT INTO `customer_own_device` VALUES (5, 210590027);
INSERT INTO `customer_own_device` VALUES (1, 210590028);
INSERT INTO `customer_own_device` VALUES (4, 210590028);
INSERT INTO `customer_own_device` VALUES (5, 210590028);
INSERT INTO `customer_own_device` VALUES (1, 210590029);
INSERT INTO `customer_own_device` VALUES (4, 210590029);
INSERT INTO `customer_own_device` VALUES (6, 210590029);
INSERT INTO `customer_own_device` VALUES (1, 210590030);
INSERT INTO `customer_own_device` VALUES (4, 210590030);
INSERT INTO `customer_own_device` VALUES (6, 210590030);
INSERT INTO `customer_own_device` VALUES (1, 210590031);
INSERT INTO `customer_own_device` VALUES (6, 210590031);
INSERT INTO `customer_own_device` VALUES (1, 210590032);
INSERT INTO `customer_own_device` VALUES (6, 210590032);
INSERT INTO `customer_own_device` VALUES (1, 210590033);
INSERT INTO `customer_own_device` VALUES (6, 210590033);
INSERT INTO `customer_own_device` VALUES (1, 210590034);
INSERT INTO `customer_own_device` VALUES (6, 210590034);
INSERT INTO `customer_own_device` VALUES (1, 210590035);
INSERT INTO `customer_own_device` VALUES (7, 210590035);
INSERT INTO `customer_own_device` VALUES (1, 210590036);
INSERT INTO `customer_own_device` VALUES (7, 210590036);
INSERT INTO `customer_own_device` VALUES (1, 210590037);
INSERT INTO `customer_own_device` VALUES (7, 210590037);
INSERT INTO `customer_own_device` VALUES (1, 210590038);
INSERT INTO `customer_own_device` VALUES (7, 210590038);
INSERT INTO `customer_own_device` VALUES (1, 210590039);
INSERT INTO `customer_own_device` VALUES (3, 210590039);
INSERT INTO `customer_own_device` VALUES (7, 210590039);
INSERT INTO `customer_own_device` VALUES (1, 210590040);
INSERT INTO `customer_own_device` VALUES (3, 210590040);
INSERT INTO `customer_own_device` VALUES (7, 210590040);
INSERT INTO `customer_own_device` VALUES (1, 210590041);
INSERT INTO `customer_own_device` VALUES (3, 210590041);
INSERT INTO `customer_own_device` VALUES (8, 210590041);
INSERT INTO `customer_own_device` VALUES (1, 210590042);
INSERT INTO `customer_own_device` VALUES (3, 210590042);
INSERT INTO `customer_own_device` VALUES (8, 210590042);
INSERT INTO `customer_own_device` VALUES (1, 210590043);
INSERT INTO `customer_own_device` VALUES (3, 210590043);
INSERT INTO `customer_own_device` VALUES (8, 210590043);
INSERT INTO `customer_own_device` VALUES (1, 210590044);
INSERT INTO `customer_own_device` VALUES (3, 210590044);
INSERT INTO `customer_own_device` VALUES (8, 210590044);
INSERT INTO `customer_own_device` VALUES (1, 210590045);
INSERT INTO `customer_own_device` VALUES (3, 210590045);
INSERT INTO `customer_own_device` VALUES (9, 210590045);
INSERT INTO `customer_own_device` VALUES (1, 210590046);
INSERT INTO `customer_own_device` VALUES (3, 210590046);
INSERT INTO `customer_own_device` VALUES (9, 210590046);
INSERT INTO `customer_own_device` VALUES (1, 210590047);
INSERT INTO `customer_own_device` VALUES (3, 210590047);
INSERT INTO `customer_own_device` VALUES (9, 210590047);
INSERT INTO `customer_own_device` VALUES (1, 210590048);
INSERT INTO `customer_own_device` VALUES (3, 210590048);
INSERT INTO `customer_own_device` VALUES (9, 210590048);
INSERT INTO `customer_own_device` VALUES (1, 210590049);
INSERT INTO `customer_own_device` VALUES (3, 210590049);
INSERT INTO `customer_own_device` VALUES (9, 210590049);
INSERT INTO `customer_own_device` VALUES (1, 210590050);
INSERT INTO `customer_own_device` VALUES (2, 210590050);
INSERT INTO `customer_own_device` VALUES (3, 210590050);
INSERT INTO `customer_own_device` VALUES (10, 210590050);
INSERT INTO `customer_own_device` VALUES (1, 210590051);
INSERT INTO `customer_own_device` VALUES (2, 210590051);
INSERT INTO `customer_own_device` VALUES (3, 210590051);
INSERT INTO `customer_own_device` VALUES (10, 210590051);
INSERT INTO `customer_own_device` VALUES (1, 210590052);
INSERT INTO `customer_own_device` VALUES (2, 210590052);
INSERT INTO `customer_own_device` VALUES (3, 210590052);
INSERT INTO `customer_own_device` VALUES (10, 210590052);
INSERT INTO `customer_own_device` VALUES (1, 210590053);
INSERT INTO `customer_own_device` VALUES (2, 210590053);
INSERT INTO `customer_own_device` VALUES (3, 210590053);
INSERT INTO `customer_own_device` VALUES (10, 210590053);
INSERT INTO `customer_own_device` VALUES (1, 210590054);
INSERT INTO `customer_own_device` VALUES (2, 210590054);
INSERT INTO `customer_own_device` VALUES (3, 210590054);
INSERT INTO `customer_own_device` VALUES (10, 210590054);
INSERT INTO `customer_own_device` VALUES (1, 210590055);
INSERT INTO `customer_own_device` VALUES (2, 210590055);
INSERT INTO `customer_own_device` VALUES (3, 210590055);
INSERT INTO `customer_own_device` VALUES (10, 210590055);
INSERT INTO `customer_own_device` VALUES (1, 210590056);
INSERT INTO `customer_own_device` VALUES (2, 210590056);
INSERT INTO `customer_own_device` VALUES (3, 210590056);
INSERT INTO `customer_own_device` VALUES (10, 210590056);
INSERT INTO `customer_own_device` VALUES (1, 210590057);
INSERT INTO `customer_own_device` VALUES (2, 210590057);
INSERT INTO `customer_own_device` VALUES (3, 210590057);
INSERT INTO `customer_own_device` VALUES (10, 210590057);
INSERT INTO `customer_own_device` VALUES (1, 210590058);
INSERT INTO `customer_own_device` VALUES (2, 210590058);
INSERT INTO `customer_own_device` VALUES (3, 210590058);
INSERT INTO `customer_own_device` VALUES (1, 210590059);
INSERT INTO `customer_own_device` VALUES (2, 210590059);
INSERT INTO `customer_own_device` VALUES (3, 210590059);
INSERT INTO `customer_own_device` VALUES (1, 210590060);
INSERT INTO `customer_own_device` VALUES (2, 210590060);
INSERT INTO `customer_own_device` VALUES (3, 210590060);
INSERT INTO `customer_own_device` VALUES (1, 210590071);
INSERT INTO `customer_own_device` VALUES (2, 210590071);
INSERT INTO `customer_own_device` VALUES (3, 210590071);
INSERT INTO `customer_own_device` VALUES (4, 210590071);
INSERT INTO `customer_own_device` VALUES (1, 210590072);
INSERT INTO `customer_own_device` VALUES (2, 210590072);
INSERT INTO `customer_own_device` VALUES (3, 210590072);
INSERT INTO `customer_own_device` VALUES (4, 210590072);
INSERT INTO `customer_own_device` VALUES (1, 210590073);
INSERT INTO `customer_own_device` VALUES (2, 210590073);
INSERT INTO `customer_own_device` VALUES (3, 210590073);
INSERT INTO `customer_own_device` VALUES (4, 210590073);
INSERT INTO `customer_own_device` VALUES (1, 210590074);
INSERT INTO `customer_own_device` VALUES (2, 210590074);
INSERT INTO `customer_own_device` VALUES (3, 210590074);
INSERT INTO `customer_own_device` VALUES (4, 210590074);
INSERT INTO `customer_own_device` VALUES (1, 210590075);
INSERT INTO `customer_own_device` VALUES (2, 210590075);
INSERT INTO `customer_own_device` VALUES (3, 210590075);
INSERT INTO `customer_own_device` VALUES (4, 210590075);
INSERT INTO `customer_own_device` VALUES (1, 210590076);
INSERT INTO `customer_own_device` VALUES (2, 210590076);
INSERT INTO `customer_own_device` VALUES (3, 210590076);
INSERT INTO `customer_own_device` VALUES (4, 210590076);
INSERT INTO `customer_own_device` VALUES (1, 210590077);
INSERT INTO `customer_own_device` VALUES (2, 210590077);
INSERT INTO `customer_own_device` VALUES (3, 210590077);
INSERT INTO `customer_own_device` VALUES (4, 210590077);
INSERT INTO `customer_own_device` VALUES (2, 210590078);
INSERT INTO `customer_own_device` VALUES (3, 210590078);
INSERT INTO `customer_own_device` VALUES (4, 210590078);
INSERT INTO `customer_own_device` VALUES (2, 210590079);
INSERT INTO `customer_own_device` VALUES (3, 210590079);
INSERT INTO `customer_own_device` VALUES (4, 210590079);
INSERT INTO `customer_own_device` VALUES (2, 210590080);
INSERT INTO `customer_own_device` VALUES (3, 210590080);
INSERT INTO `customer_own_device` VALUES (4, 210590080);
INSERT INTO `customer_own_device` VALUES (2, 210590081);
INSERT INTO `customer_own_device` VALUES (3, 210590081);
INSERT INTO `customer_own_device` VALUES (4, 210590081);
INSERT INTO `customer_own_device` VALUES (2, 210590082);
INSERT INTO `customer_own_device` VALUES (3, 210590082);
INSERT INTO `customer_own_device` VALUES (4, 210590082);
INSERT INTO `customer_own_device` VALUES (2, 210590083);
INSERT INTO `customer_own_device` VALUES (3, 210590083);
INSERT INTO `customer_own_device` VALUES (4, 210590083);
INSERT INTO `customer_own_device` VALUES (2, 210590084);
INSERT INTO `customer_own_device` VALUES (3, 210590084);
INSERT INTO `customer_own_device` VALUES (4, 210590084);
INSERT INTO `customer_own_device` VALUES (2, 210590085);
INSERT INTO `customer_own_device` VALUES (3, 210590085);
INSERT INTO `customer_own_device` VALUES (4, 210590085);
INSERT INTO `customer_own_device` VALUES (2, 210590086);
INSERT INTO `customer_own_device` VALUES (3, 210590086);
INSERT INTO `customer_own_device` VALUES (4, 210590086);
INSERT INTO `customer_own_device` VALUES (2, 210590087);
INSERT INTO `customer_own_device` VALUES (3, 210590087);
INSERT INTO `customer_own_device` VALUES (4, 210590087);
INSERT INTO `customer_own_device` VALUES (2, 210590088);
INSERT INTO `customer_own_device` VALUES (3, 210590088);
INSERT INTO `customer_own_device` VALUES (4, 210590088);
INSERT INTO `customer_own_device` VALUES (2, 210590089);
INSERT INTO `customer_own_device` VALUES (3, 210590089);
INSERT INTO `customer_own_device` VALUES (4, 210590089);
INSERT INTO `customer_own_device` VALUES (4, 210590090);

-- --------------------------------------------------------

-- 
-- Table structure for table `devTool_language`
-- 

CREATE TABLE `devTool_language` (
  `DT_id` int(11) NOT NULL DEFAULT '0',
  `lan_id` int(11) NOT NULL DEFAULT '0',
  `lan_name` varchar(20) DEFAULT NULL,
  PRIMARY KEY (`DT_id`,`lan_id`)
) ENGINE=InnoDB DEFAULT CHARSET=latin1;

-- 
-- Dumping data for table `devTool_language`
-- 

INSERT INTO `devTool_language` VALUES (1, 1, 'Java');
INSERT INTO `devTool_language` VALUES (1, 3, 'Delphi');
INSERT INTO `devTool_language` VALUES (1, 5, 'Ruby');
INSERT INTO `devTool_language` VALUES (1, 14, 'Cobol');
INSERT INTO `devTool_language` VALUES (1, 26, 'Java');
INSERT INTO `devTool_language` VALUES (2, 3, 'Delphi');
INSERT INTO `devTool_language` VALUES (2, 5, 'Fortran');
INSERT INTO `devTool_language` VALUES (2, 16, 'F#');
INSERT INTO `devTool_language` VALUES (2, 21, 'AppleScript');
INSERT INTO `devTool_language` VALUES (2, 22, 'C');
INSERT INTO `devTool_language` VALUES (3, 8, 'PHP');
INSERT INTO `devTool_language` VALUES (3, 9, 'Python');
INSERT INTO `devTool_language` VALUES (3, 10, 'Ruby');
INSERT INTO `devTool_language` VALUES (3, 14, 'Javascript');
INSERT INTO `devTool_language` VALUES (3, 20, 'AppleScript');
INSERT INTO `devTool_language` VALUES (3, 22, 'Boo');
INSERT INTO `devTool_language` VALUES (4, 13, 'C++11');
INSERT INTO `devTool_language` VALUES (4, 18, 'Flash');
INSERT INTO `devTool_language` VALUES (4, 25, 'Object Pascal');
INSERT INTO `devTool_language` VALUES (5, 6, 'Boo');
INSERT INTO `devTool_language` VALUES (5, 13, 'Visual Basic');
INSERT INTO `devTool_language` VALUES (5, 17, 'C++11');
INSERT INTO `devTool_language` VALUES (5, 18, 'Object Pascal');
INSERT INTO `devTool_language` VALUES (6, 6, 'Boo');
INSERT INTO `devTool_language` VALUES (6, 13, 'Javascript');
INSERT INTO `devTool_language` VALUES (6, 20, 'Java');
INSERT INTO `devTool_language` VALUES (7, 3, 'Boo');
INSERT INTO `devTool_language` VALUES (7, 13, 'Javascript');
INSERT INTO `devTool_language` VALUES (7, 20, 'Pascal');
INSERT INTO `devTool_language` VALUES (7, 24, 'C#');
INSERT INTO `devTool_language` VALUES (8, 2, 'Java');
INSERT INTO `devTool_language` VALUES (8, 3, 'Delphi');
INSERT INTO `devTool_language` VALUES (8, 5, 'Perl');
INSERT INTO `devTool_language` VALUES (9, 11, 'Fortran');
INSERT INTO `devTool_language` VALUES (9, 16, 'Visual Basic');
INSERT INTO `devTool_language` VALUES (9, 17, 'AppleScript');
INSERT INTO `devTool_language` VALUES (9, 22, 'Cobol');
INSERT INTO `devTool_language` VALUES (9, 26, 'Java');
INSERT INTO `devTool_language` VALUES (10, 3, 'C');
INSERT INTO `devTool_language` VALUES (10, 8, 'PHP');
INSERT INTO `devTool_language` VALUES (10, 9, 'C++11');
INSERT INTO `devTool_language` VALUES (10, 18, 'Javascript');
INSERT INTO `devTool_language` VALUES (10, 20, '');
INSERT INTO `devTool_language` VALUES (11, 1, 'Delphi');
INSERT INTO `devTool_language` VALUES (11, 5, 'C++');
INSERT INTO `devTool_language` VALUES (11, 7, 'PHP');
INSERT INTO `devTool_language` VALUES (11, 9, 'Perl');
INSERT INTO `devTool_language` VALUES (11, 11, 'Haskell');
INSERT INTO `devTool_language` VALUES (11, 15, 'C#');
INSERT INTO `devTool_language` VALUES (12, 2, 'Objective-C');
INSERT INTO `devTool_language` VALUES (12, 4, 'Perl');
INSERT INTO `devTool_language` VALUES (12, 11, 'Ruby');
INSERT INTO `devTool_language` VALUES (12, 14, 'C++11');
INSERT INTO `devTool_language` VALUES (12, 18, 'Vala');
INSERT INTO `devTool_language` VALUES (12, 23, 'C#');
INSERT INTO `devTool_language` VALUES (13, 2, 'Lisp');
INSERT INTO `devTool_language` VALUES (13, 12, 'AppleScript');
INSERT INTO `devTool_language` VALUES (14, 22, 'Vala');
INSERT INTO `devTool_language` VALUES (14, 23, 'Cobol');
INSERT INTO `devTool_language` VALUES (14, 26, 'Boo');
INSERT INTO `devTool_language` VALUES (15, 13, 'F#');
INSERT INTO `devTool_language` VALUES (15, 21, 'Pascal');
INSERT INTO `devTool_language` VALUES (15, 24, 'Flash');
INSERT INTO `devTool_language` VALUES (15, 25, 'Fortran');
INSERT INTO `devTool_language` VALUES (16, 16, 'AppleScript');
INSERT INTO `devTool_language` VALUES (16, 22, 'C#');
INSERT INTO `devTool_language` VALUES (17, 2, 'Delphi');
INSERT INTO `devTool_language` VALUES (17, 5, 'Lisp');
INSERT INTO `devTool_language` VALUES (17, 12, 'Ajax');
INSERT INTO `devTool_language` VALUES (17, 19, 'Javascript');
INSERT INTO `devTool_language` VALUES (17, 20, 'C');
INSERT INTO `devTool_language` VALUES (18, 8, 'Python');
INSERT INTO `devTool_language` VALUES (18, 10, 'Boo');
INSERT INTO `devTool_language` VALUES (18, 13, 'Ajax');
INSERT INTO `devTool_language` VALUES (18, 19, 'Javascript');
INSERT INTO `devTool_language` VALUES (18, 20, 'Pascal');
INSERT INTO `devTool_language` VALUES (18, 24, 'C');
INSERT INTO `devTool_language` VALUES (19, 8, 'Vala');
INSERT INTO `devTool_language` VALUES (19, 23, 'Pascal');
INSERT INTO `devTool_language` VALUES (19, 24, 'Delphi');
INSERT INTO `devTool_language` VALUES (20, 5, 'PHP');
INSERT INTO `devTool_language` VALUES (20, 9, 'Javascript');
INSERT INTO `devTool_language` VALUES (20, 20, 'C');
INSERT INTO `devTool_language` VALUES (21, 8, 'Fortran');
INSERT INTO `devTool_language` VALUES (21, 16, 'C++11');
INSERT INTO `devTool_language` VALUES (21, 18, 'Ajax');
INSERT INTO `devTool_language` VALUES (21, 19, 'Visual Basic');
INSERT INTO `devTool_language` VALUES (22, 17, 'C++11');
INSERT INTO `devTool_language` VALUES (22, 18, 'F#');
INSERT INTO `devTool_language` VALUES (22, 21, 'AppleScript');
INSERT INTO `devTool_language` VALUES (22, 22, 'C#');
INSERT INTO `devTool_language` VALUES (23, 2, 'C++');
INSERT INTO `devTool_language` VALUES (23, 7, 'Ruby');
INSERT INTO `devTool_language` VALUES (23, 14, 'Pascal');
INSERT INTO `devTool_language` VALUES (23, 24, 'Java');
INSERT INTO `devTool_language` VALUES (24, 3, 'C++');
INSERT INTO `devTool_language` VALUES (24, 7, 'Fortran');
INSERT INTO `devTool_language` VALUES (24, 16, 'Visual Basic');
INSERT INTO `devTool_language` VALUES (24, 17, 'Pascal');
INSERT INTO `devTool_language` VALUES (24, 24, 'Ajax');
INSERT INTO `devTool_language` VALUES (25, 19, 'Cobol');
INSERT INTO `devTool_language` VALUES (25, 26, 'Java');
INSERT INTO `devTool_language` VALUES (26, 3, 'Pascal');
INSERT INTO `devTool_language` VALUES (26, 24, 'Perl');
INSERT INTO `devTool_language` VALUES (27, 11, 'Lisp');
INSERT INTO `devTool_language` VALUES (27, 12, 'Visual Basic');
INSERT INTO `devTool_language` VALUES (27, 17, 'C++11');
INSERT INTO `devTool_language` VALUES (27, 18, 'Cobol');
INSERT INTO `devTool_language` VALUES (27, 26, 'Basic');

-- --------------------------------------------------------

-- 
-- Table structure for table `dev_tool`
-- 

CREATE TABLE `dev_tool` (
  `DT_id` int(11) NOT NULL,
  `d_name` varchar(20) DEFAULT NULL,
  `d_type` varchar(20) DEFAULT NULL,
  PRIMARY KEY (`DT_id`)
) ENGINE=InnoDB DEFAULT CHARSET=latin1;

-- 
-- Dumping data for table `dev_tool`
-- 

INSERT INTO `dev_tool` VALUES (1, 'Visual Studio', 'IDE');
INSERT INTO `dev_tool` VALUES (2, 'Code::Blocks', 'IDE');
INSERT INTO `dev_tool` VALUES (3, 'Turbo C++/C', 'IDE');
INSERT INTO `dev_tool` VALUES (4, 'CodeLite', 'IDE');
INSERT INTO `dev_tool` VALUES (5, 'Eclipse', 'IDE');
INSERT INTO `dev_tool` VALUES (6, 'Netbeans', 'IDE');
INSERT INTO `dev_tool` VALUES (7, 'Xcode', 'IDE');
INSERT INTO `dev_tool` VALUES (8, 'MonoDevelop', 'IDE');
INSERT INTO `dev_tool` VALUES (9, 'Dev-C++', 'IDE');
INSERT INTO `dev_tool` VALUES (10, 'Jcreator', 'IDE');
INSERT INTO `dev_tool` VALUES (11, 'CryEngine', 'Engine');
INSERT INTO `dev_tool` VALUES (12, 'DarkEngine', 'Engine');
INSERT INTO `dev_tool` VALUES (13, 'Doom Engine', 'Engine');
INSERT INTO `dev_tool` VALUES (14, 'Unity', 'Engine');
INSERT INTO `dev_tool` VALUES (15, 'Custom Built', 'Engine');
INSERT INTO `dev_tool` VALUES (16, 'Unreal Engine', 'Engine');
INSERT INTO `dev_tool` VALUES (17, 'Game Maker', 'Engine');
INSERT INTO `dev_tool` VALUES (18, 'Esenthel Engine', 'Engine');
INSERT INTO `dev_tool` VALUES (19, 'Unreal Development K', 'Engine');
INSERT INTO `dev_tool` VALUES (20, 'App Game Kit', 'IDE');
INSERT INTO `dev_tool` VALUES (21, 'Build', 'Engine');
INSERT INTO `dev_tool` VALUES (22, 'Blender', '3D Modeler');
INSERT INTO `dev_tool` VALUES (23, 'K-3D', '3D Modeler');
INSERT INTO `dev_tool` VALUES (24, 'Art of Illusion', '3D Modeler');
INSERT INTO `dev_tool` VALUES (25, 'Zmodeler', '3D Modeler');
INSERT INTO `dev_tool` VALUES (26, 'Anim8or', '3D Modeler');
INSERT INTO `dev_tool` VALUES (27, 'Seamless3d', '3D Modeler');

-- --------------------------------------------------------

-- 
-- Table structure for table `develop_team`
-- 

CREATE TABLE `develop_team` (
  `gp_id` int(11) NOT NULL DEFAULT '0',
  `t_id` int(11) NOT NULL DEFAULT '0',
  `manager_id` int(11) DEFAULT NULL,
  PRIMARY KEY (`gp_id`,`t_id`),
  KEY `t_id` (`t_id`)
) ENGINE=InnoDB DEFAULT CHARSET=latin1;

-- 
-- Dumping data for table `develop_team`
-- 

INSERT INTO `develop_team` VALUES (1, 1, 245500015);
INSERT INTO `develop_team` VALUES (1, 2, 541970069);
INSERT INTO `develop_team` VALUES (1, 3, 541970069);
INSERT INTO `develop_team` VALUES (2, 1, 245500039);
INSERT INTO `develop_team` VALUES (2, 2, 541970069);
INSERT INTO `develop_team` VALUES (3, 1, 245500048);
INSERT INTO `develop_team` VALUES (3, 2, 245500049);
INSERT INTO `develop_team` VALUES (3, 3, 541970069);
INSERT INTO `develop_team` VALUES (4, 1, 245500030);
INSERT INTO `develop_team` VALUES (4, 2, 245500030);
INSERT INTO `develop_team` VALUES (5, 1, 245500003);
INSERT INTO `develop_team` VALUES (5, 2, 245500003);
INSERT INTO `develop_team` VALUES (5, 3, 245500003);
INSERT INTO `develop_team` VALUES (6, 1, 245500003);
INSERT INTO `develop_team` VALUES (6, 2, 245500003);
INSERT INTO `develop_team` VALUES (6, 3, 245500003);
INSERT INTO `develop_team` VALUES (7, 1, 245500048);
INSERT INTO `develop_team` VALUES (7, 2, 245500032);
INSERT INTO `develop_team` VALUES (7, 3, 245500048);
INSERT INTO `develop_team` VALUES (8, 1, 245500016);
INSERT INTO `develop_team` VALUES (8, 2, 245500039);
INSERT INTO `develop_team` VALUES (8, 3, 245500020);
INSERT INTO `develop_team` VALUES (9, 1, 245500006);
INSERT INTO `develop_team` VALUES (9, 2, 245500032);
INSERT INTO `develop_team` VALUES (10, 1, 245500020);
INSERT INTO `develop_team` VALUES (10, 2, 245500030);
INSERT INTO `develop_team` VALUES (10, 3, 245500030);
INSERT INTO `develop_team` VALUES (11, 1, 541970069);
INSERT INTO `develop_team` VALUES (11, 2, 541970080);
INSERT INTO `develop_team` VALUES (11, 3, 541970080);
INSERT INTO `develop_team` VALUES (12, 1, 541970069);
INSERT INTO `develop_team` VALUES (13, 1, 245500017);
INSERT INTO `develop_team` VALUES (13, 2, 541970069);
INSERT INTO `develop_team` VALUES (13, 3, 245500049);
INSERT INTO `develop_team` VALUES (14, 1, 245500048);
INSERT INTO `develop_team` VALUES (14, 2, 245500048);
INSERT INTO `develop_team` VALUES (14, 3, 245500048);
INSERT INTO `develop_team` VALUES (15, 1, 541970069);
INSERT INTO `develop_team` VALUES (15, 2, 541970069);
INSERT INTO `develop_team` VALUES (15, 3, 541970069);
INSERT INTO `develop_team` VALUES (16, 1, 245500048);
INSERT INTO `develop_team` VALUES (16, 2, 541970069);
INSERT INTO `develop_team` VALUES (17, 1, 245500015);
INSERT INTO `develop_team` VALUES (17, 2, 245500015);
INSERT INTO `develop_team` VALUES (17, 3, 245500015);
INSERT INTO `develop_team` VALUES (18, 1, 245500017);
INSERT INTO `develop_team` VALUES (19, 1, 245500015);
INSERT INTO `develop_team` VALUES (19, 2, 245500030);
INSERT INTO `develop_team` VALUES (19, 3, 245500030);
INSERT INTO `develop_team` VALUES (20, 1, 245500048);
INSERT INTO `develop_team` VALUES (20, 2, 245500025);
INSERT INTO `develop_team` VALUES (20, 3, 245500025);
INSERT INTO `develop_team` VALUES (21, 1, 245500039);
INSERT INTO `develop_team` VALUES (21, 2, 245500006);
INSERT INTO `develop_team` VALUES (22, 1, 541970080);
INSERT INTO `develop_team` VALUES (23, 1, 245500015);
INSERT INTO `develop_team` VALUES (23, 2, 245500016);
INSERT INTO `develop_team` VALUES (24, 1, 245500006);
INSERT INTO `develop_team` VALUES (24, 2, 245500006);
INSERT INTO `develop_team` VALUES (24, 3, 245500006);
INSERT INTO `develop_team` VALUES (25, 1, 245500017);
INSERT INTO `develop_team` VALUES (25, 2, 245500030);
INSERT INTO `develop_team` VALUES (26, 1, 541970069);
INSERT INTO `develop_team` VALUES (26, 2, 245500015);
INSERT INTO `develop_team` VALUES (27, 1, 245500020);
INSERT INTO `develop_team` VALUES (27, 2, 245500025);
INSERT INTO `develop_team` VALUES (27, 3, 245500025);
INSERT INTO `develop_team` VALUES (28, 1, 541970080);
INSERT INTO `develop_team` VALUES (28, 2, 245500025);
INSERT INTO `develop_team` VALUES (28, 3, 245500049);
INSERT INTO `develop_team` VALUES (29, 1, 245500006);
INSERT INTO `develop_team` VALUES (30, 1, 245500049);
INSERT INTO `develop_team` VALUES (30, 2, 245500049);
INSERT INTO `develop_team` VALUES (30, 3, 245500030);
INSERT INTO `develop_team` VALUES (31, 1, 245500015);
INSERT INTO `develop_team` VALUES (31, 2, 245500039);
INSERT INTO `develop_team` VALUES (32, 1, 245500006);
INSERT INTO `develop_team` VALUES (32, 2, 245500006);
INSERT INTO `develop_team` VALUES (32, 3, 245500006);
INSERT INTO `develop_team` VALUES (33, 1, 245500032);
INSERT INTO `develop_team` VALUES (33, 2, 245500032);
INSERT INTO `develop_team` VALUES (33, 3, 245500032);
INSERT INTO `develop_team` VALUES (34, 1, 245500017);
INSERT INTO `develop_team` VALUES (34, 2, 245500020);
INSERT INTO `develop_team` VALUES (34, 3, 245500020);
INSERT INTO `develop_team` VALUES (35, 1, 245500048);
INSERT INTO `develop_team` VALUES (35, 2, 245500030);
INSERT INTO `develop_team` VALUES (36, 1, 245500006);
INSERT INTO `develop_team` VALUES (37, 1, 245500048);
INSERT INTO `develop_team` VALUES (37, 2, 245500048);
INSERT INTO `develop_team` VALUES (38, 1, 245500003);
INSERT INTO `develop_team` VALUES (39, 1, 245500030);
INSERT INTO `develop_team` VALUES (40, 1, 245500048);
INSERT INTO `develop_team` VALUES (40, 2, 245500017);
INSERT INTO `develop_team` VALUES (40, 3, 245500003);
INSERT INTO `develop_team` VALUES (41, 1, 245500025);
INSERT INTO `develop_team` VALUES (42, 1, 245500049);
INSERT INTO `develop_team` VALUES (43, 1, 245500016);
INSERT INTO `develop_team` VALUES (43, 2, 245500049);
INSERT INTO `develop_team` VALUES (43, 3, 245500049);
INSERT INTO `develop_team` VALUES (44, 1, 245500048);
INSERT INTO `develop_team` VALUES (44, 2, 245500017);
INSERT INTO `develop_team` VALUES (44, 3, 245500017);
INSERT INTO `develop_team` VALUES (45, 1, 245500034);
INSERT INTO `develop_team` VALUES (46, 1, 245500034);
INSERT INTO `develop_team` VALUES (46, 2, 245500016);
INSERT INTO `develop_team` VALUES (46, 3, 245500025);
INSERT INTO `develop_team` VALUES (47, 1, 245500003);
INSERT INTO `develop_team` VALUES (47, 2, 245500048);
INSERT INTO `develop_team` VALUES (47, 3, 245500048);
INSERT INTO `develop_team` VALUES (48, 1, 541970080);
INSERT INTO `develop_team` VALUES (48, 2, 245500030);
INSERT INTO `develop_team` VALUES (49, 1, 245500016);
INSERT INTO `develop_team` VALUES (49, 2, 245500030);
INSERT INTO `develop_team` VALUES (49, 3, 245500030);
INSERT INTO `develop_team` VALUES (50, 1, 541970080);
INSERT INTO `develop_team` VALUES (51, 1, 245500020);
INSERT INTO `develop_team` VALUES (51, 2, 245500049);
INSERT INTO `develop_team` VALUES (51, 3, 245500049);
INSERT INTO `develop_team` VALUES (52, 1, 245500049);
INSERT INTO `develop_team` VALUES (52, 2, 541970069);
INSERT INTO `develop_team` VALUES (52, 3, 541970069);
INSERT INTO `develop_team` VALUES (53, 1, 245500034);
INSERT INTO `develop_team` VALUES (54, 1, 245500020);
INSERT INTO `develop_team` VALUES (54, 2, 245500032);
INSERT INTO `develop_team` VALUES (55, 1, 245500006);
INSERT INTO `develop_team` VALUES (56, 1, 245500015);
INSERT INTO `develop_team` VALUES (56, 2, 245500015);
INSERT INTO `develop_team` VALUES (57, 1, 245500006);
INSERT INTO `develop_team` VALUES (57, 2, 245500048);
INSERT INTO `develop_team` VALUES (57, 3, 245500034);
INSERT INTO `develop_team` VALUES (58, 1, 245500025);
INSERT INTO `develop_team` VALUES (58, 2, 245500032);
INSERT INTO `develop_team` VALUES (58, 3, 245500032);
INSERT INTO `develop_team` VALUES (59, 1, 245500034);
INSERT INTO `develop_team` VALUES (60, 1, 245500015);
INSERT INTO `develop_team` VALUES (60, 2, 245500016);
INSERT INTO `develop_team` VALUES (61, 1, 245500003);
INSERT INTO `develop_team` VALUES (62, 1, 245500030);
INSERT INTO `develop_team` VALUES (62, 2, 245500015);
INSERT INTO `develop_team` VALUES (63, 1, 245500025);
INSERT INTO `develop_team` VALUES (64, 1, 245500030);
INSERT INTO `develop_team` VALUES (64, 2, 245500003);
INSERT INTO `develop_team` VALUES (64, 3, 245500020);
INSERT INTO `develop_team` VALUES (65, 1, 541970080);
INSERT INTO `develop_team` VALUES (65, 2, 245500020);
INSERT INTO `develop_team` VALUES (65, 3, 245500020);
INSERT INTO `develop_team` VALUES (66, 1, 245500039);
INSERT INTO `develop_team` VALUES (66, 2, 245500039);
INSERT INTO `develop_team` VALUES (67, 1, 245500048);
INSERT INTO `develop_team` VALUES (67, 2, 245500025);
INSERT INTO `develop_team` VALUES (68, 1, 245500015);
INSERT INTO `develop_team` VALUES (69, 1, 245500039);
INSERT INTO `develop_team` VALUES (70, 1, 245500030);
INSERT INTO `develop_team` VALUES (70, 2, 541970069);
INSERT INTO `develop_team` VALUES (70, 3, 245500048);
INSERT INTO `develop_team` VALUES (71, 1, 245500048);
INSERT INTO `develop_team` VALUES (71, 2, 245500048);
INSERT INTO `develop_team` VALUES (71, 3, 245500048);
INSERT INTO `develop_team` VALUES (72, 1, 245500030);
INSERT INTO `develop_team` VALUES (72, 2, 245500003);
INSERT INTO `develop_team` VALUES (72, 3, 245500025);
INSERT INTO `develop_team` VALUES (73, 1, 245500048);
INSERT INTO `develop_team` VALUES (73, 2, 245500017);
INSERT INTO `develop_team` VALUES (74, 1, 245500032);
INSERT INTO `develop_team` VALUES (74, 2, 245500025);
INSERT INTO `develop_team` VALUES (75, 1, 541970069);
INSERT INTO `develop_team` VALUES (76, 1, 245500049);
INSERT INTO `develop_team` VALUES (77, 1, 245500048);
INSERT INTO `develop_team` VALUES (77, 2, 245500003);
INSERT INTO `develop_team` VALUES (77, 3, 245500003);
INSERT INTO `develop_team` VALUES (78, 1, 245500020);
INSERT INTO `develop_team` VALUES (78, 2, 245500003);
INSERT INTO `develop_team` VALUES (78, 3, 245500003);
INSERT INTO `develop_team` VALUES (79, 1, 541970069);
INSERT INTO `develop_team` VALUES (80, 1, 245500020);
INSERT INTO `develop_team` VALUES (81, 1, 245500049);
INSERT INTO `develop_team` VALUES (81, 2, 245500049);
INSERT INTO `develop_team` VALUES (82, 1, 245500048);
INSERT INTO `develop_team` VALUES (82, 2, 245500016);
INSERT INTO `develop_team` VALUES (82, 3, 245500049);
INSERT INTO `develop_team` VALUES (83, 1, 245500025);
INSERT INTO `develop_team` VALUES (83, 2, 541970069);
INSERT INTO `develop_team` VALUES (84, 1, 541970080);
INSERT INTO `develop_team` VALUES (84, 2, 245500017);
INSERT INTO `develop_team` VALUES (85, 1, 245500020);
INSERT INTO `develop_team` VALUES (85, 2, 245500020);
INSERT INTO `develop_team` VALUES (86, 1, 245500025);
INSERT INTO `develop_team` VALUES (87, 1, 245500025);
INSERT INTO `develop_team` VALUES (87, 2, 245500025);
INSERT INTO `develop_team` VALUES (88, 1, 541970080);
INSERT INTO `develop_team` VALUES (89, 1, 245500049);
INSERT INTO `develop_team` VALUES (89, 2, 245500049);
INSERT INTO `develop_team` VALUES (90, 1, 245500032);
INSERT INTO `develop_team` VALUES (90, 2, 245500016);
INSERT INTO `develop_team` VALUES (90, 3, 245500006);
INSERT INTO `develop_team` VALUES (91, 1, 245500034);
INSERT INTO `develop_team` VALUES (91, 2, 245500048);
INSERT INTO `develop_team` VALUES (91, 3, 245500016);
INSERT INTO `develop_team` VALUES (92, 1, 245500048);
INSERT INTO `develop_team` VALUES (92, 2, 245500048);
INSERT INTO `develop_team` VALUES (92, 3, 245500048);
INSERT INTO `develop_team` VALUES (93, 1, 245500025);
INSERT INTO `develop_team` VALUES (93, 2, 245500025);
INSERT INTO `develop_team` VALUES (93, 3, 245500025);
INSERT INTO `develop_team` VALUES (94, 1, 245500048);
INSERT INTO `develop_team` VALUES (94, 2, 245500049);
INSERT INTO `develop_team` VALUES (94, 3, 245500048);
INSERT INTO `develop_team` VALUES (95, 1, 245500048);
INSERT INTO `develop_team` VALUES (95, 2, 245500048);
INSERT INTO `develop_team` VALUES (95, 3, 245500048);
INSERT INTO `develop_team` VALUES (96, 1, 245500003);
INSERT INTO `develop_team` VALUES (96, 2, 245500025);
INSERT INTO `develop_team` VALUES (96, 3, 245500025);
INSERT INTO `develop_team` VALUES (97, 1, 245500048);
INSERT INTO `develop_team` VALUES (98, 1, 245500030);
INSERT INTO `develop_team` VALUES (99, 1, 245500048);
INSERT INTO `develop_team` VALUES (100, 1, 245500017);
INSERT INTO `develop_team` VALUES (100, 2, 245500015);
INSERT INTO `develop_team` VALUES (100, 3, 245500017);

-- --------------------------------------------------------

-- 
-- Table structure for table `employment`
-- 

CREATE TABLE `employment` (
  `c_id` int(11) NOT NULL DEFAULT '0',
  `ssn` int(11) NOT NULL DEFAULT '0',
  `Started_Date` date DEFAULT NULL,
  `End_Date` date DEFAULT NULL,
  `position` varchar(20) DEFAULT NULL,
  `salary` int(11) DEFAULT NULL,
  PRIMARY KEY (`c_id`,`ssn`)
) ENGINE=InnoDB DEFAULT CHARSET=latin1;

-- 
-- Dumping data for table `employment`
-- 

INSERT INTO `employment` VALUES (1, 245500001, '1975-02-10', '1978-09-21', 'Graphics Artist', 73000);
INSERT INTO `employment` VALUES (1, 245500002, '1975-11-14', '1980-07-02', 'Programmer', 94000);
INSERT INTO `employment` VALUES (1, 245500003, '1969-04-10', '1972-03-11', 'Graphics Artist', 79000);
INSERT INTO `employment` VALUES (1, 245500004, '1987-01-28', '1995-10-16', 'Animator', 71000);
INSERT INTO `employment` VALUES (1, 245500005, '1990-10-26', '1994-10-07', 'Story Writer', 80000);
INSERT INTO `employment` VALUES (1, 245500006, '2000-03-27', '2007-09-04', 'Voice Actor', 90000);
INSERT INTO `employment` VALUES (1, 245500007, '2000-03-04', '2000-01-10', 'Voice Actor', 81000);
INSERT INTO `employment` VALUES (1, 245500008, '1979-06-02', '1987-05-03', 'Programmer', 80000);
INSERT INTO `employment` VALUES (1, 245500009, '1973-11-26', '1976-08-04', 'Story Writer', 83000);
INSERT INTO `employment` VALUES (1, 245500010, '1954-05-27', '1963-07-03', 'Story Writer', 75000);
INSERT INTO `employment` VALUES (1, 245500011, '2004-05-15', '2011-06-24', 'Audio Engineer', 94000);
INSERT INTO `employment` VALUES (1, 245500012, '1954-03-19', '0000-00-00', 'Programmer', 87000);
INSERT INTO `employment` VALUES (1, 245500013, '1958-02-28', '1959-01-23', 'Story Writer', 79000);
INSERT INTO `employment` VALUES (1, 245500014, '1979-07-24', '1984-03-11', 'Programmer', 70000);
INSERT INTO `employment` VALUES (1, 245500015, '1950-01-19', '1955-05-30', 'Animator', 87000);
INSERT INTO `employment` VALUES (1, 245500016, '2002-12-26', '2006-09-03', 'Voice Actor', 71000);
INSERT INTO `employment` VALUES (1, 245500017, '2004-04-02', '2009-04-06', 'Voice Actor', 70000);
INSERT INTO `employment` VALUES (1, 245500018, '2000-06-18', '2007-01-29', 'Programmer', 90000);
INSERT INTO `employment` VALUES (1, 245500019, '1967-01-09', '1972-10-26', 'Graphics Artist', 77000);
INSERT INTO `employment` VALUES (1, 245500020, '1983-09-08', '1984-12-03', 'Graphics Artist', 81000);
INSERT INTO `employment` VALUES (1, 245500021, '1969-09-19', '1973-04-03', 'Voice Actor', 70000);
INSERT INTO `employment` VALUES (1, 245500022, '2003-12-05', '2009-03-21', 'Animator', 85000);
INSERT INTO `employment` VALUES (1, 245500023, '1956-10-08', '1964-11-28', 'Programmer', 93000);
INSERT INTO `employment` VALUES (1, 245500024, '0000-00-00', '1965-09-05', 'Audio Engineer', 86000);
INSERT INTO `employment` VALUES (1, 245500025, '1973-03-12', '1981-11-23', 'Voice Actor', 75000);
INSERT INTO `employment` VALUES (1, 245500026, '1991-12-11', '1994-01-11', 'Story Writer', 76000);
INSERT INTO `employment` VALUES (1, 245500027, '1963-01-08', '1966-09-22', 'Story Writer', 82000);
INSERT INTO `employment` VALUES (2, 245500028, '1957-03-10', '1959-07-17', 'Graphics Artist', 77000);
INSERT INTO `employment` VALUES (2, 245500029, '1996-01-25', '2000-03-23', 'Story Writer', 94000);
INSERT INTO `employment` VALUES (2, 245500030, '2003-02-08', '2011-09-12', 'Animator', 71000);
INSERT INTO `employment` VALUES (2, 245500031, '1967-09-12', '1973-11-14', 'Voice Actor', 86000);
INSERT INTO `employment` VALUES (2, 245500032, '1993-05-29', '2000-02-15', 'Story Writer', 88000);
INSERT INTO `employment` VALUES (2, 245500033, '1997-09-19', '2006-11-28', 'Programmer', 87000);
INSERT INTO `employment` VALUES (2, 245500034, '1990-08-14', '1996-07-25', 'Animator', 91000);
INSERT INTO `employment` VALUES (2, 245500035, '1952-03-27', '1959-04-28', 'Voice Actor', 76000);
INSERT INTO `employment` VALUES (2, 245500036, '2003-03-13', '2003-02-27', 'Programmer', 76000);
INSERT INTO `employment` VALUES (2, 245500037, '1952-12-21', '1955-01-17', 'Voice Actor', 94000);
INSERT INTO `employment` VALUES (2, 245500038, '1998-11-08', '2002-08-09', 'Voice Actor', 79000);
INSERT INTO `employment` VALUES (2, 245500039, '1974-05-29', '1983-07-14', 'Audio Engineer', 94000);
INSERT INTO `employment` VALUES (2, 245500040, '1968-02-24', '1976-02-10', 'Graphics Artist', 78000);
INSERT INTO `employment` VALUES (2, 245500041, '1981-01-19', '1985-08-12', 'Voice Actor', 73000);
INSERT INTO `employment` VALUES (2, 245500042, '1955-01-03', '1962-09-21', 'Story Writer', 75000);
INSERT INTO `employment` VALUES (2, 245500043, '1950-05-31', '1959-02-07', 'Animator', 86000);
INSERT INTO `employment` VALUES (2, 245500044, '1954-02-14', '1961-12-11', 'Voice Actor', 81000);
INSERT INTO `employment` VALUES (2, 245500045, '1970-07-23', '1970-10-29', 'Story Writer', 92000);
INSERT INTO `employment` VALUES (2, 245500046, '1982-09-11', '1987-11-08', 'Audio Engineer', 74000);
INSERT INTO `employment` VALUES (2, 245500047, '1963-08-24', '1970-05-17', 'Audio Engineer', 91000);
INSERT INTO `employment` VALUES (2, 245500048, '1963-12-21', '1970-10-25', 'Story Writer', 72000);
INSERT INTO `employment` VALUES (2, 245500049, '1988-08-23', '1993-02-12', 'Story Writer', 89000);
INSERT INTO `employment` VALUES (3, 245500050, '2003-03-02', '2004-11-05', 'Voice Actor', 73000);
INSERT INTO `employment` VALUES (3, 541970051, '1963-12-23', '1966-02-16', 'Programmer', 77000);
INSERT INTO `employment` VALUES (3, 541970052, '1954-10-01', '1959-05-24', 'Voice Actor', 73000);
INSERT INTO `employment` VALUES (3, 541970053, '1987-10-04', '1993-01-15', 'Story Writer', 89000);
INSERT INTO `employment` VALUES (3, 541970054, '1952-06-09', '1955-03-30', 'Voice Actor', 89000);
INSERT INTO `employment` VALUES (3, 541970055, '1971-06-20', '1974-07-18', 'Programmer', 83000);
INSERT INTO `employment` VALUES (3, 541970056, '1965-11-27', '1969-09-19', 'Story Writer', 92000);
INSERT INTO `employment` VALUES (3, 541970057, '1982-10-24', '1986-04-10', 'Graphics Artist', 92000);
INSERT INTO `employment` VALUES (3, 541970058, '1965-12-12', '1973-01-04', 'Graphics Artist', 92000);
INSERT INTO `employment` VALUES (3, 541970059, '1971-01-03', '1974-12-15', 'Graphics Artist', 73000);
INSERT INTO `employment` VALUES (3, 541970060, '1951-09-14', '1955-01-25', 'Programmer', 74000);
INSERT INTO `employment` VALUES (3, 541970061, '1973-05-13', '1982-07-10', 'Animator', 73000);
INSERT INTO `employment` VALUES (3, 541970062, '1975-10-09', '1978-06-01', 'Graphics Artist', 82000);
INSERT INTO `employment` VALUES (3, 541970063, '1953-02-24', '0000-00-00', 'Voice Actor', 90000);
INSERT INTO `employment` VALUES (3, 541970064, '1976-01-19', '1982-02-27', 'Audio Engineer', 91000);
INSERT INTO `employment` VALUES (3, 541970065, '1996-07-07', '1999-05-03', 'Voice Actor', 81000);
INSERT INTO `employment` VALUES (3, 541970066, '1994-10-02', '2002-11-02', 'Graphics Artist', 80000);
INSERT INTO `employment` VALUES (3, 541970067, '2004-06-12', '2005-04-17', 'Voice Actor', 70000);
INSERT INTO `employment` VALUES (3, 541970068, '1997-08-22', '2002-07-02', 'Story Writer', 74000);
INSERT INTO `employment` VALUES (3, 541970069, '1981-08-10', '1984-09-12', 'Programmer', 84000);
INSERT INTO `employment` VALUES (3, 541970070, '1978-08-21', '1983-07-24', 'Graphics Artist', 83000);
INSERT INTO `employment` VALUES (3, 541970071, '1984-12-30', '1984-05-17', 'Animator', 91000);
INSERT INTO `employment` VALUES (3, 541970072, '1977-05-31', '1983-05-08', 'Story Writer', 84000);
INSERT INTO `employment` VALUES (3, 541970073, '0000-00-00', '1961-06-02', 'Story Writer', 71000);
INSERT INTO `employment` VALUES (3, 541970074, '1993-02-14', '2002-07-05', 'Graphics Artist', 84000);
INSERT INTO `employment` VALUES (3, 541970075, '1991-05-21', '1997-08-09', 'Audio Engineer', 72000);
INSERT INTO `employment` VALUES (3, 541970076, '1984-12-02', '1990-11-06', 'Programmer', 93000);
INSERT INTO `employment` VALUES (3, 541970077, '1981-01-31', '1981-04-22', 'Programmer', 70000);
INSERT INTO `employment` VALUES (3, 541970078, '1969-08-22', '1975-07-26', 'Audio Engineer', 88000);
INSERT INTO `employment` VALUES (3, 541970079, '1990-03-05', '1998-12-29', 'Audio Engineer', 81000);
INSERT INTO `employment` VALUES (3, 541970080, '1998-10-09', '1998-09-17', 'Graphics Artist', 77000);
INSERT INTO `employment` VALUES (4, 245500010, '1986-11-11', '1995-08-13', 'Graphics Artist', 73000);
INSERT INTO `employment` VALUES (4, 245500012, '1987-05-16', '1991-05-22', 'Voice Actor', 70000);
INSERT INTO `employment` VALUES (4, 245500013, '1986-01-09', '0000-00-00', 'Audio Engineer', 74000);
INSERT INTO `employment` VALUES (4, 245500015, '1968-09-14', '1972-06-13', 'Animator', 70000);
INSERT INTO `employment` VALUES (4, 245500019, '1990-07-14', '1998-09-23', 'Audio Engineer', 74000);
INSERT INTO `employment` VALUES (4, 245500020, '1967-10-10', '1973-01-23', 'Story Writer', 78000);
INSERT INTO `employment` VALUES (4, 245500021, '1966-05-18', '1968-06-15', 'Story Writer', 92000);
INSERT INTO `employment` VALUES (4, 245500023, '1981-07-29', '1983-06-13', 'Audio Engineer', 70000);
INSERT INTO `employment` VALUES (4, 245500025, '1995-08-28', '2003-07-26', 'Graphics Artist', 78000);
INSERT INTO `employment` VALUES (4, 245500030, '1996-06-26', '2004-01-07', 'Programmer', 91000);
INSERT INTO `employment` VALUES (4, 245500031, '1994-12-01', '2002-01-13', 'Voice Actor', 91000);
INSERT INTO `employment` VALUES (4, 245500035, '2002-11-09', '2004-02-02', 'Voice Actor', 82000);
INSERT INTO `employment` VALUES (4, 245500039, '1963-09-05', '1972-06-02', 'Voice Actor', 82000);
INSERT INTO `employment` VALUES (4, 245500044, '2000-06-18', '2009-08-11', 'Graphics Artist', 76000);
INSERT INTO `employment` VALUES (4, 245500045, '1950-03-12', '1954-07-25', 'Audio Engineer', 78000);
INSERT INTO `employment` VALUES (4, 245500048, '1989-11-30', '1991-04-17', 'Story Writer', 76000);
INSERT INTO `employment` VALUES (4, 541970052, '1987-07-25', '1990-09-17', 'Animator', 73000);
INSERT INTO `employment` VALUES (4, 541970054, '1979-06-16', '1979-04-01', 'Animator', 83000);
INSERT INTO `employment` VALUES (4, 541970055, '1994-04-28', '1997-12-16', 'Audio Engineer', 74000);
INSERT INTO `employment` VALUES (4, 541970056, '1952-06-08', '1955-03-19', 'Graphics Artist', 92000);
INSERT INTO `employment` VALUES (4, 541970057, '1952-07-24', '1959-01-18', 'Audio Engineer', 72000);
INSERT INTO `employment` VALUES (4, 541970062, '1979-03-20', '1983-01-03', 'Audio Engineer', 76000);
INSERT INTO `employment` VALUES (4, 541970064, '1968-01-24', '1971-09-02', 'Graphics Artist', 84000);
INSERT INTO `employment` VALUES (4, 541970067, '1980-05-26', '1985-11-23', 'Graphics Artist', 86000);
INSERT INTO `employment` VALUES (4, 541970070, '1989-05-14', '1993-10-26', 'Animator', 79000);
INSERT INTO `employment` VALUES (5, 245500003, '2000-02-25', '2007-02-06', 'Programmer', 91000);
INSERT INTO `employment` VALUES (5, 245500005, '2000-11-15', '0000-00-00', 'Animator', 91000);
INSERT INTO `employment` VALUES (5, 245500010, '1965-12-23', '1973-02-15', 'Animator', 82000);
INSERT INTO `employment` VALUES (5, 245500013, '1998-11-11', '2005-01-03', 'Graphics Artist', 74000);
INSERT INTO `employment` VALUES (5, 245500014, '1960-08-08', '1965-06-22', 'Voice Actor', 79000);
INSERT INTO `employment` VALUES (5, 245500017, '1992-08-27', '1998-03-10', 'Audio Engineer', 84000);
INSERT INTO `employment` VALUES (5, 245500019, '1999-03-17', '0000-00-00', 'Audio Engineer', 87000);
INSERT INTO `employment` VALUES (5, 245500020, '1955-11-23', '1961-11-21', 'Animator', 94000);
INSERT INTO `employment` VALUES (5, 245500022, '1990-06-17', '1994-05-29', 'Voice Actor', 74000);
INSERT INTO `employment` VALUES (5, 245500029, '1976-02-19', '1978-09-07', 'Animator', 94000);
INSERT INTO `employment` VALUES (5, 245500031, '1957-10-27', '1959-08-30', 'Audio Engineer', 88000);
INSERT INTO `employment` VALUES (5, 245500032, '2004-08-06', '2009-12-17', 'Voice Actor', 83000);
INSERT INTO `employment` VALUES (5, 245500034, '2004-02-13', '2004-01-31', 'Story Writer', 89000);
INSERT INTO `employment` VALUES (5, 245500036, '1981-12-05', '1986-03-06', 'Audio Engineer', 79000);
INSERT INTO `employment` VALUES (5, 245500042, '2001-04-20', '2007-04-23', 'Voice Actor', 87000);
INSERT INTO `employment` VALUES (5, 541970051, '1988-08-15', '1995-11-02', 'Animator', 82000);
INSERT INTO `employment` VALUES (5, 541970056, '1981-12-26', '1982-10-31', 'Programmer', 77000);
INSERT INTO `employment` VALUES (5, 541970059, '1967-03-19', '1967-03-22', 'Audio Engineer', 88000);
INSERT INTO `employment` VALUES (5, 541970061, '1999-07-05', '2000-07-30', 'Programmer', 79000);
INSERT INTO `employment` VALUES (5, 541970065, '1996-12-15', '1996-07-20', 'Audio Engineer', 94000);
INSERT INTO `employment` VALUES (5, 541970078, '1980-12-04', '1980-04-21', 'Graphics Artist', 90000);
INSERT INTO `employment` VALUES (6, 245500012, '1998-05-12', '2004-05-09', 'Programmer', 88000);
INSERT INTO `employment` VALUES (6, 245500013, '1957-02-24', '1961-07-12', 'Story Writer', 93000);
INSERT INTO `employment` VALUES (6, 245500015, '2002-11-25', '2003-07-06', 'Voice Actor', 75000);
INSERT INTO `employment` VALUES (6, 245500016, '1993-11-14', '1997-09-19', 'Voice Actor', 77000);
INSERT INTO `employment` VALUES (6, 245500020, '1999-07-27', '2000-03-26', 'Programmer', 73000);
INSERT INTO `employment` VALUES (6, 245500026, '1992-06-29', '1996-06-03', 'Story Writer', 93000);
INSERT INTO `employment` VALUES (6, 245500027, '1952-11-02', '0000-00-00', 'Graphics Artist', 89000);
INSERT INTO `employment` VALUES (6, 245500035, '1953-05-04', '1959-09-26', 'Animator', 94000);
INSERT INTO `employment` VALUES (6, 245500039, '1985-04-24', '1986-10-30', 'Graphics Artist', 79000);
INSERT INTO `employment` VALUES (6, 245500046, '1967-02-01', '1970-05-09', 'Graphics Artist', 81000);
INSERT INTO `employment` VALUES (6, 245500050, '1995-10-16', '2001-12-23', 'Audio Engineer', 74000);
INSERT INTO `employment` VALUES (6, 541970051, '1957-10-30', '1965-05-27', 'Graphics Artist', 94000);
INSERT INTO `employment` VALUES (6, 541970057, '1958-12-28', '1958-04-26', 'Animator', 94000);
INSERT INTO `employment` VALUES (6, 541970060, '1983-05-08', '1989-10-27', 'Voice Actor', 90000);
INSERT INTO `employment` VALUES (6, 541970062, '1956-02-12', '1961-10-02', 'Audio Engineer', 79000);
INSERT INTO `employment` VALUES (6, 541970063, '1959-01-29', '1966-01-10', 'Animator', 90000);
INSERT INTO `employment` VALUES (6, 541970069, '0000-00-00', '1970-10-26', 'Graphics Artist', 77000);
INSERT INTO `employment` VALUES (6, 541970071, '1993-09-18', '2001-02-19', 'Graphics Artist', 71000);
INSERT INTO `employment` VALUES (6, 541970073, '1961-08-10', '1965-02-16', 'Animator', 84000);
INSERT INTO `employment` VALUES (6, 541970074, '1964-01-06', '1967-03-07', 'Animator', 70000);
INSERT INTO `employment` VALUES (6, 541970076, '1952-03-06', '1958-02-16', 'Voice Actor', 89000);
INSERT INTO `employment` VALUES (6, 541970077, '2002-02-14', '2011-12-04', 'Animator', 72000);
INSERT INTO `employment` VALUES (6, 541970078, '1977-09-26', '1986-02-17', 'Programmer', 81000);
INSERT INTO `employment` VALUES (6, 541970079, '1975-06-23', '1975-06-11', 'Story Writer', 72000);
INSERT INTO `employment` VALUES (6, 541970080, '1984-01-27', '1989-02-13', 'Programmer', 94000);
INSERT INTO `employment` VALUES (7, 245500008, '1992-02-01', '1992-07-11', 'Programmer', 81000);
INSERT INTO `employment` VALUES (7, 245500013, '1994-07-15', '2000-05-24', 'Programmer', 85000);
INSERT INTO `employment` VALUES (7, 245500016, '1966-09-01', '1973-06-25', 'Voice Actor', 70000);
INSERT INTO `employment` VALUES (7, 245500017, '2003-03-24', '2008-10-22', 'Story Writer', 83000);
INSERT INTO `employment` VALUES (7, 245500018, '1950-06-23', '1956-01-07', 'Graphics Artist', 71000);
INSERT INTO `employment` VALUES (7, 245500024, '1973-06-08', '1980-11-02', 'Audio Engineer', 88000);
INSERT INTO `employment` VALUES (7, 245500032, '1966-10-26', '1967-08-20', 'Voice Actor', 82000);
INSERT INTO `employment` VALUES (7, 245500033, '1993-04-06', '0000-00-00', 'Graphics Artist', 83000);
INSERT INTO `employment` VALUES (7, 245500034, '1984-04-29', '1987-07-29', 'Story Writer', 89000);
INSERT INTO `employment` VALUES (7, 245500041, '2003-02-22', '2010-04-04', 'Graphics Artist', 91000);
INSERT INTO `employment` VALUES (7, 245500042, '1999-07-17', '2003-02-12', 'Animator', 80000);
INSERT INTO `employment` VALUES (7, 245500043, '1962-08-25', '1965-02-22', 'Audio Engineer', 74000);
INSERT INTO `employment` VALUES (7, 245500046, '1965-03-04', '1967-10-15', 'Audio Engineer', 76000);
INSERT INTO `employment` VALUES (7, 245500049, '1971-07-26', '1977-04-02', 'Voice Actor', 90000);
INSERT INTO `employment` VALUES (7, 541970051, '1955-02-21', '1961-08-07', 'Story Writer', 91000);
INSERT INTO `employment` VALUES (7, 541970055, '1957-05-01', '1966-01-01', 'Story Writer', 74000);
INSERT INTO `employment` VALUES (7, 541970057, '2003-03-08', '2011-01-30', 'Audio Engineer', 73000);
INSERT INTO `employment` VALUES (7, 541970061, '1967-03-14', '1975-05-13', 'Story Writer', 71000);
INSERT INTO `employment` VALUES (7, 541970062, '1967-05-10', '1975-04-04', 'Voice Actor', 89000);
INSERT INTO `employment` VALUES (7, 541970070, '1957-05-15', '1965-01-20', 'Story Writer', 73000);
INSERT INTO `employment` VALUES (7, 541970071, '1992-09-21', '1995-04-28', 'Programmer', 80000);
INSERT INTO `employment` VALUES (7, 541970072, '1950-09-09', '1951-02-11', 'Graphics Artist', 76000);
INSERT INTO `employment` VALUES (7, 541970074, '1952-10-10', '1955-12-10', 'Story Writer', 73000);
INSERT INTO `employment` VALUES (8, 245500007, '1965-08-02', '1967-05-14', 'Animator', 86000);
INSERT INTO `employment` VALUES (8, 245500013, '2004-05-19', '2007-10-18', 'Graphics Artist', 71000);
INSERT INTO `employment` VALUES (8, 245500018, '1970-06-28', '1976-11-15', 'Voice Actor', 84000);
INSERT INTO `employment` VALUES (8, 245500022, '1956-03-04', '1961-12-01', 'Voice Actor', 77000);
INSERT INTO `employment` VALUES (8, 245500023, '1989-01-09', '1998-08-08', 'Story Writer', 91000);
INSERT INTO `employment` VALUES (8, 245500024, '2003-11-08', '2011-01-01', 'Audio Engineer', 78000);
INSERT INTO `employment` VALUES (8, 245500031, '1979-01-30', '1987-10-29', 'Audio Engineer', 88000);
INSERT INTO `employment` VALUES (8, 245500037, '1985-01-12', '1986-05-03', 'Audio Engineer', 73000);
INSERT INTO `employment` VALUES (8, 245500042, '1953-09-11', '1962-10-20', 'Programmer', 88000);
INSERT INTO `employment` VALUES (8, 245500044, '1970-03-14', '1973-02-09', 'Voice Actor', 80000);
INSERT INTO `employment` VALUES (8, 245500045, '2000-11-28', '2006-03-18', 'Graphics Artist', 70000);
INSERT INTO `employment` VALUES (8, 245500047, '1961-05-06', '1966-02-08', 'Audio Engineer', 76000);
INSERT INTO `employment` VALUES (8, 541970052, '1951-06-28', '1959-07-15', 'Voice Actor', 89000);
INSERT INTO `employment` VALUES (8, 541970053, '1956-03-24', '1958-12-24', 'Audio Engineer', 85000);
INSERT INTO `employment` VALUES (8, 541970055, '1998-09-04', '2003-04-06', 'Audio Engineer', 76000);
INSERT INTO `employment` VALUES (8, 541970057, '1979-01-22', '1982-12-18', 'Voice Actor', 90000);
INSERT INTO `employment` VALUES (8, 541970065, '1964-05-18', '1965-08-19', 'Audio Engineer', 77000);
INSERT INTO `employment` VALUES (8, 541970067, '1954-07-19', '1960-05-14', 'Voice Actor', 86000);
INSERT INTO `employment` VALUES (8, 541970068, '1992-12-19', '1993-03-25', 'Programmer', 87000);
INSERT INTO `employment` VALUES (8, 541970070, '1982-12-08', '1984-06-19', 'Graphics Artist', 86000);
INSERT INTO `employment` VALUES (8, 541970072, '1953-12-29', '1955-04-05', 'Audio Engineer', 71000);
INSERT INTO `employment` VALUES (8, 541970075, '1961-09-26', '1964-03-15', 'Animator', 81000);
INSERT INTO `employment` VALUES (8, 541970078, '1967-09-02', '1967-07-09', 'Audio Engineer', 84000);
INSERT INTO `employment` VALUES (9, 245500006, '1957-01-06', '1958-06-09', 'Programmer', 94000);
INSERT INTO `employment` VALUES (9, 245500009, '1980-10-11', '1983-10-15', 'Programmer', 77000);
INSERT INTO `employment` VALUES (9, 245500012, '1964-12-12', '1971-11-28', 'Programmer', 85000);
INSERT INTO `employment` VALUES (9, 245500014, '1998-04-26', '2001-10-06', 'Programmer', 87000);
INSERT INTO `employment` VALUES (9, 245500017, '1970-04-04', '1970-11-30', 'Animator', 91000);
INSERT INTO `employment` VALUES (9, 245500018, '2004-07-26', '2006-05-21', 'Story Writer', 86000);
INSERT INTO `employment` VALUES (9, 245500026, '1995-03-10', '1997-06-14', 'Graphics Artist', 72000);
INSERT INTO `employment` VALUES (9, 245500030, '1955-04-08', '1956-05-09', 'Voice Actor', 82000);
INSERT INTO `employment` VALUES (9, 245500031, '1986-04-03', '1991-10-19', 'Graphics Artist', 81000);
INSERT INTO `employment` VALUES (9, 245500034, '2001-07-13', '2008-08-31', 'Story Writer', 94000);
INSERT INTO `employment` VALUES (9, 245500048, '1957-07-09', '1966-10-22', 'Graphics Artist', 86000);
INSERT INTO `employment` VALUES (9, 541970051, '1985-07-03', '1992-01-31', 'Animator', 80000);
INSERT INTO `employment` VALUES (9, 541970052, '1983-10-12', '1985-06-06', 'Animator', 88000);
INSERT INTO `employment` VALUES (9, 541970054, '1963-04-03', '1967-12-15', 'Graphics Artist', 86000);
INSERT INTO `employment` VALUES (9, 541970055, '1976-11-01', '0000-00-00', 'Programmer', 77000);
INSERT INTO `employment` VALUES (9, 541970056, '2001-05-29', '2005-12-15', 'Animator', 91000);
INSERT INTO `employment` VALUES (9, 541970057, '1976-12-04', '1980-05-14', 'Animator', 89000);
INSERT INTO `employment` VALUES (9, 541970058, '2001-04-16', '2007-11-30', 'Graphics Artist', 89000);
INSERT INTO `employment` VALUES (9, 541970059, '1987-09-12', '1992-07-05', 'Story Writer', 74000);
INSERT INTO `employment` VALUES (9, 541970065, '1969-02-01', '1971-01-04', 'Story Writer', 75000);
INSERT INTO `employment` VALUES (9, 541970068, '2003-07-31', '2007-06-26', 'Story Writer', 70000);
INSERT INTO `employment` VALUES (9, 541970069, '1992-09-26', '1996-05-07', 'Animator', 71000);
INSERT INTO `employment` VALUES (9, 541970071, '2002-03-09', '2005-07-26', 'Graphics Artist', 78000);
INSERT INTO `employment` VALUES (10, 245500001, '1978-08-23', '0000-00-00', 'Graphics Artist', 87000);
INSERT INTO `employment` VALUES (10, 245500003, '1954-07-20', '1963-11-11', 'Voice Actor', 94000);
INSERT INTO `employment` VALUES (10, 245500004, '1976-07-19', '1980-06-10', 'Voice Actor', 93000);
INSERT INTO `employment` VALUES (10, 245500009, '1992-06-17', '1996-06-11', 'Story Writer', 84000);
INSERT INTO `employment` VALUES (10, 245500018, '1951-04-14', '1954-03-30', 'Graphics Artist', 70000);
INSERT INTO `employment` VALUES (10, 245500021, '1987-11-10', '1987-10-01', 'Programmer', 80000);
INSERT INTO `employment` VALUES (10, 245500029, '1972-03-28', '1975-07-22', 'Graphics Artist', 72000);
INSERT INTO `employment` VALUES (10, 245500031, '1994-12-25', '1996-01-16', 'Story Writer', 86000);
INSERT INTO `employment` VALUES (10, 245500035, '1970-07-21', '1976-06-18', 'Animator', 91000);
INSERT INTO `employment` VALUES (10, 245500037, '2004-04-10', '2013-04-26', 'Graphics Artist', 94000);
INSERT INTO `employment` VALUES (10, 245500038, '1981-08-26', '1988-11-23', 'Story Writer', 93000);
INSERT INTO `employment` VALUES (10, 245500041, '1973-05-14', '1975-03-16', 'Audio Engineer', 91000);
INSERT INTO `employment` VALUES (10, 245500046, '1968-12-25', '1976-12-01', 'Graphics Artist', 74000);
INSERT INTO `employment` VALUES (10, 245500049, '0000-00-00', '2002-01-12', 'Programmer', 82000);
INSERT INTO `employment` VALUES (10, 541970051, '1971-02-08', '1974-06-06', 'Programmer', 83000);
INSERT INTO `employment` VALUES (10, 541970052, '1972-03-01', '1978-07-04', 'Story Writer', 80000);
INSERT INTO `employment` VALUES (10, 541970053, '1983-03-10', '1986-06-01', 'Graphics Artist', 92000);
INSERT INTO `employment` VALUES (10, 541970057, '1956-10-12', '1957-07-02', 'Programmer', 90000);
INSERT INTO `employment` VALUES (10, 541970061, '1992-03-17', '1994-05-09', 'Animator', 77000);
INSERT INTO `employment` VALUES (10, 541970063, '1965-03-22', '1969-12-12', 'Voice Actor', 73000);
INSERT INTO `employment` VALUES (10, 541970064, '1982-12-08', '1990-04-08', 'Audio Engineer', 84000);
INSERT INTO `employment` VALUES (10, 541970067, '1989-01-22', '1995-09-30', 'Graphics Artist', 70000);
INSERT INTO `employment` VALUES (10, 541970069, '1972-12-13', '1980-04-23', 'Animator', 82000);
INSERT INTO `employment` VALUES (10, 541970070, '1956-03-25', '1957-09-28', 'Audio Engineer', 82000);
INSERT INTO `employment` VALUES (10, 541970075, '2002-11-15', '2011-02-18', 'Animator', 74000);
INSERT INTO `employment` VALUES (10, 541970078, '1967-01-07', '1974-08-01', 'Graphics Artist', 84000);
INSERT INTO `employment` VALUES (11, 245500004, '1965-02-08', '1969-07-16', 'Animator', 81000);
INSERT INTO `employment` VALUES (11, 245500020, '1972-08-28', '1972-02-24', 'Programmer', 71000);
INSERT INTO `employment` VALUES (11, 245500022, '1952-12-30', '1956-01-08', 'Audio Engineer', 79000);
INSERT INTO `employment` VALUES (11, 245500034, '1974-10-08', '1978-04-01', 'Programmer', 77000);
INSERT INTO `employment` VALUES (11, 245500035, '1999-07-05', '2007-11-07', 'Graphics Artist', 74000);
INSERT INTO `employment` VALUES (11, 245500047, '1983-03-31', '1992-04-19', 'Voice Actor', 85000);
INSERT INTO `employment` VALUES (11, 245500049, '1965-05-18', '1967-06-08', 'Voice Actor', 80000);
INSERT INTO `employment` VALUES (11, 245500050, '1981-10-14', '1989-04-24', 'Story Writer', 94000);
INSERT INTO `employment` VALUES (11, 541970053, '1993-12-17', '1996-12-18', 'Voice Actor', 86000);
INSERT INTO `employment` VALUES (11, 541970056, '1990-04-26', '1998-06-18', 'Story Writer', 76000);
INSERT INTO `employment` VALUES (11, 541970057, '1980-01-20', '1980-08-11', 'Graphics Artist', 73000);
INSERT INTO `employment` VALUES (11, 541970059, '1993-05-17', '1996-04-28', 'Animator', 83000);
INSERT INTO `employment` VALUES (11, 541970060, '1963-01-30', '1967-02-02', 'Voice Actor', 74000);
INSERT INTO `employment` VALUES (11, 541970061, '1991-11-20', '1998-04-19', 'Audio Engineer', 94000);
INSERT INTO `employment` VALUES (11, 541970065, '1961-10-09', '1963-08-24', 'Graphics Artist', 94000);
INSERT INTO `employment` VALUES (11, 541970070, '1961-09-08', '1963-04-05', 'Audio Engineer', 82000);
INSERT INTO `employment` VALUES (11, 541970071, '2001-12-12', '2009-02-07', 'Story Writer', 76000);
INSERT INTO `employment` VALUES (11, 541970076, '1980-03-24', '1989-03-25', 'Story Writer', 91000);
INSERT INTO `employment` VALUES (12, 245500001, '1996-10-20', '1997-10-07', 'Animator', 74000);
INSERT INTO `employment` VALUES (12, 245500003, '1960-04-10', '1960-09-26', 'Story Writer', 84000);
INSERT INTO `employment` VALUES (12, 245500004, '1967-04-27', '1968-04-29', 'Animator', 76000);
INSERT INTO `employment` VALUES (12, 245500006, '2002-12-15', '2002-04-01', 'Voice Actor', 70000);
INSERT INTO `employment` VALUES (12, 245500013, '0000-00-00', '1973-07-31', 'Audio Engineer', 70000);
INSERT INTO `employment` VALUES (12, 245500015, '1973-10-02', '1977-11-14', 'Story Writer', 71000);
INSERT INTO `employment` VALUES (12, 245500019, '2004-02-23', '2011-02-08', 'Graphics Artist', 76000);
INSERT INTO `employment` VALUES (12, 245500020, '2002-12-10', '2009-03-28', 'Voice Actor', 86000);
INSERT INTO `employment` VALUES (12, 245500025, '1980-06-26', '1982-12-27', 'Programmer', 90000);
INSERT INTO `employment` VALUES (12, 245500030, '1989-07-06', '1996-09-11', 'Graphics Artist', 80000);
INSERT INTO `employment` VALUES (12, 245500036, '1988-08-20', '1995-03-28', 'Graphics Artist', 83000);
INSERT INTO `employment` VALUES (12, 245500038, '1984-11-20', '1987-01-29', 'Audio Engineer', 75000);
INSERT INTO `employment` VALUES (12, 245500044, '1967-01-06', '1975-01-04', 'Animator', 91000);
INSERT INTO `employment` VALUES (12, 245500045, '1983-08-19', '1990-05-05', 'Programmer', 74000);
INSERT INTO `employment` VALUES (12, 541970053, '1981-03-25', '1982-05-21', 'Audio Engineer', 86000);
INSERT INTO `employment` VALUES (12, 541970054, '1975-05-10', '1984-03-03', 'Story Writer', 86000);
INSERT INTO `employment` VALUES (12, 541970065, '1964-10-22', '1964-08-05', 'Story Writer', 74000);
INSERT INTO `employment` VALUES (12, 541970068, '0000-00-00', '2010-12-29', 'Story Writer', 92000);
INSERT INTO `employment` VALUES (12, 541970069, '1991-09-26', '1992-10-21', 'Graphics Artist', 81000);
INSERT INTO `employment` VALUES (12, 541970077, '1972-12-27', '1981-01-20', 'Programmer', 88000);
INSERT INTO `employment` VALUES (12, 541970079, '1956-10-28', '1963-10-13', 'Graphics Artist', 83000);

-- --------------------------------------------------------

-- 
-- Table structure for table `game`
-- 

CREATE TABLE `game` (
  `g_id` int(11) NOT NULL,
  `g_name` varchar(20) DEFAULT NULL,
  `release_data` date DEFAULT NULL,
  PRIMARY KEY (`g_id`),
  KEY `g_name` (`g_name`)
) ENGINE=InnoDB DEFAULT CHARSET=latin1;

-- 
-- Dumping data for table `game`
-- 

INSERT INTO `game` VALUES (1, 'Final Fantasy', '1969-12-07');
INSERT INTO `game` VALUES (2, 'Tomb Raider', '1955-02-19');
INSERT INTO `game` VALUES (3, 'Just Cause 2', '1973-12-15');
INSERT INTO `game` VALUES (4, 'Hitman: Absolution', '1974-09-09');
INSERT INTO `game` VALUES (5, 'Deus Ex', '1953-12-05');
INSERT INTO `game` VALUES (6, 'Minecraft', '1980-02-15');
INSERT INTO `game` VALUES (7, 'Sleeping Dogs', '1994-12-25');
INSERT INTO `game` VALUES (8, 'Thief', '1976-06-18');
INSERT INTO `game` VALUES (9, 'Metal Gear Solid', '1992-05-17');
INSERT INTO `game` VALUES (10, 'Castlevania', '1950-01-18');
INSERT INTO `game` VALUES (11, 'The Sims', '1957-03-14');
INSERT INTO `game` VALUES (12, 'Battlefield 4', '1981-09-06');
INSERT INTO `game` VALUES (13, 'FIFA', '1961-07-27');
INSERT INTO `game` VALUES (14, 'Dragon Age', '1978-07-03');
INSERT INTO `game` VALUES (15, 'Mirror''s Edge', '1979-08-23');
INSERT INTO `game` VALUES (16, 'Dead Space', '1954-12-18');
INSERT INTO `game` VALUES (17, 'Titanfall', '1973-07-26');
INSERT INTO `game` VALUES (18, 'Mass Effect', '1976-06-19');
INSERT INTO `game` VALUES (19, 'Spore', '1982-07-16');
INSERT INTO `game` VALUES (20, 'Crysis', '1987-04-20');
INSERT INTO `game` VALUES (21, 'Army of Two', '1984-09-28');
INSERT INTO `game` VALUES (22, 'Skate', '1962-10-05');
INSERT INTO `game` VALUES (23, 'SimCity', '1965-02-06');
INSERT INTO `game` VALUES (24, 'Sonic the Hedgehog', '1992-07-23');
INSERT INTO `game` VALUES (25, 'Alien: Isolation', '1989-09-09');
INSERT INTO `game` VALUES (26, 'Mortal Kombat', '1977-01-19');
INSERT INTO `game` VALUES (27, 'Tetris', '1966-06-30');
INSERT INTO `game` VALUES (28, 'Bayonetta', '1987-10-03');
INSERT INTO `game` VALUES (29, 'Yakuza', '1975-10-13');
INSERT INTO `game` VALUES (30, 'Valkyria Chronicles', '1993-08-12');
INSERT INTO `game` VALUES (31, 'Silent Hill', '1969-09-28');
INSERT INTO `game` VALUES (32, 'Pro Evolution Soccer', '1988-03-02');
INSERT INTO `game` VALUES (33, 'Assassin''s Creed', '1952-05-28');
INSERT INTO `game` VALUES (34, 'Watch Dogs', '1983-01-25');
INSERT INTO `game` VALUES (35, 'Far Cry', '1979-06-16');
INSERT INTO `game` VALUES (36, 'The Division', '1971-07-30');
INSERT INTO `game` VALUES (37, 'Splinter Cell Blackl', '1971-07-22');
INSERT INTO `game` VALUES (38, 'Valiant Hearts', '1989-05-25');
INSERT INTO `game` VALUES (39, 'Rainbow Six Siege', '1975-03-15');
INSERT INTO `game` VALUES (40, 'Ghost Recon Phantoms', '1981-06-18');
INSERT INTO `game` VALUES (41, 'South Park: The Stic', '1991-11-08');
INSERT INTO `game` VALUES (42, 'Rocksmith', '1993-02-05');
INSERT INTO `game` VALUES (43, 'Driver: San Francisc', '1969-10-23');
INSERT INTO `game` VALUES (44, 'H.A.W.X.', '1988-12-03');
INSERT INTO `game` VALUES (45, 'Prince of Persia', '1951-11-02');
INSERT INTO `game` VALUES (46, 'Mario', '1961-06-28');
INSERT INTO `game` VALUES (47, 'Legend of Zelda', '1969-07-02');
INSERT INTO `game` VALUES (48, 'Donkey Kong', '1953-08-23');
INSERT INTO `game` VALUES (49, 'Animal Crossing', '1967-10-20');
INSERT INTO `game` VALUES (50, 'Mario Kart', '1976-08-19');
INSERT INTO `game` VALUES (51, 'Xenoblade Chronicles', '1969-07-20');
INSERT INTO `game` VALUES (52, 'Super Smash Bros. Br', '1990-08-05');
INSERT INTO `game` VALUES (53, 'Pokemon', '1960-06-24');
INSERT INTO `game` VALUES (54, 'Kinectimals', '1965-12-28');
INSERT INTO `game` VALUES (55, 'Ms. Splosion Man', '1952-11-25');
INSERT INTO `game` VALUES (56, 'Halo', '1972-04-28');
INSERT INTO `game` VALUES (57, 'Age of Empires', '1969-08-24');
INSERT INTO `game` VALUES (58, 'Half-Life', '1980-07-12');
INSERT INTO `game` VALUES (59, 'Team Fortress', '1951-03-03');
INSERT INTO `game` VALUES (60, 'Portal', '1972-05-24');
INSERT INTO `game` VALUES (61, 'Dota 2', '1990-09-13');
INSERT INTO `game` VALUES (62, 'Counter-Strike', '1966-08-22');
INSERT INTO `game` VALUES (63, 'Left 4 Dead', '1967-05-02');
INSERT INTO `game` VALUES (64, 'Garry''s Mod', '1961-10-20');
INSERT INTO `game` VALUES (65, 'Quake', '1965-08-21');
INSERT INTO `game` VALUES (66, 'Doom', '1965-09-29');
INSERT INTO `game` VALUES (67, 'Devil May Cry', '1973-06-29');
INSERT INTO `game` VALUES (68, 'Max Payne', '1966-05-16');
INSERT INTO `game` VALUES (69, '2048', '1950-01-18');
INSERT INTO `game` VALUES (70, 'Tetris', '1957-03-14');
INSERT INTO `game` VALUES (71, 'Flappy bird', '1981-09-06');
INSERT INTO `game` VALUES (72, 'Angry Birds', '1961-07-27');

-- --------------------------------------------------------

-- 
-- Table structure for table `gameOnPlatform_devTool`
-- 

CREATE TABLE `gameOnPlatform_devTool` (
  `DT_id` int(11) NOT NULL DEFAULT '0',
  `gp_id` int(11) NOT NULL DEFAULT '0',
  PRIMARY KEY (`DT_id`,`gp_id`)
) ENGINE=InnoDB DEFAULT CHARSET=latin1;

-- 
-- Dumping data for table `gameOnPlatform_devTool`
-- 

INSERT INTO `gameOnPlatform_devTool` VALUES (1, 12);
INSERT INTO `gameOnPlatform_devTool` VALUES (1, 13);
INSERT INTO `gameOnPlatform_devTool` VALUES (1, 16);
INSERT INTO `gameOnPlatform_devTool` VALUES (1, 20);
INSERT INTO `gameOnPlatform_devTool` VALUES (1, 28);
INSERT INTO `gameOnPlatform_devTool` VALUES (1, 46);
INSERT INTO `gameOnPlatform_devTool` VALUES (1, 52);
INSERT INTO `gameOnPlatform_devTool` VALUES (1, 60);
INSERT INTO `gameOnPlatform_devTool` VALUES (1, 67);
INSERT INTO `gameOnPlatform_devTool` VALUES (1, 72);
INSERT INTO `gameOnPlatform_devTool` VALUES (1, 88);
INSERT INTO `gameOnPlatform_devTool` VALUES (1, 97);
INSERT INTO `gameOnPlatform_devTool` VALUES (2, 5);
INSERT INTO `gameOnPlatform_devTool` VALUES (2, 11);
INSERT INTO `gameOnPlatform_devTool` VALUES (2, 19);
INSERT INTO `gameOnPlatform_devTool` VALUES (2, 33);
INSERT INTO `gameOnPlatform_devTool` VALUES (2, 43);
INSERT INTO `gameOnPlatform_devTool` VALUES (2, 47);
INSERT INTO `gameOnPlatform_devTool` VALUES (2, 48);
INSERT INTO `gameOnPlatform_devTool` VALUES (2, 49);
INSERT INTO `gameOnPlatform_devTool` VALUES (2, 63);
INSERT INTO `gameOnPlatform_devTool` VALUES (2, 65);
INSERT INTO `gameOnPlatform_devTool` VALUES (2, 74);
INSERT INTO `gameOnPlatform_devTool` VALUES (2, 85);
INSERT INTO `gameOnPlatform_devTool` VALUES (2, 97);
INSERT INTO `gameOnPlatform_devTool` VALUES (2, 99);
INSERT INTO `gameOnPlatform_devTool` VALUES (3, 6);
INSERT INTO `gameOnPlatform_devTool` VALUES (3, 18);
INSERT INTO `gameOnPlatform_devTool` VALUES (3, 19);
INSERT INTO `gameOnPlatform_devTool` VALUES (3, 30);
INSERT INTO `gameOnPlatform_devTool` VALUES (3, 33);
INSERT INTO `gameOnPlatform_devTool` VALUES (3, 40);
INSERT INTO `gameOnPlatform_devTool` VALUES (3, 43);
INSERT INTO `gameOnPlatform_devTool` VALUES (3, 48);
INSERT INTO `gameOnPlatform_devTool` VALUES (3, 54);
INSERT INTO `gameOnPlatform_devTool` VALUES (3, 55);
INSERT INTO `gameOnPlatform_devTool` VALUES (3, 64);
INSERT INTO `gameOnPlatform_devTool` VALUES (3, 70);
INSERT INTO `gameOnPlatform_devTool` VALUES (3, 72);
INSERT INTO `gameOnPlatform_devTool` VALUES (3, 73);
INSERT INTO `gameOnPlatform_devTool` VALUES (3, 75);
INSERT INTO `gameOnPlatform_devTool` VALUES (3, 77);
INSERT INTO `gameOnPlatform_devTool` VALUES (3, 81);
INSERT INTO `gameOnPlatform_devTool` VALUES (3, 89);
INSERT INTO `gameOnPlatform_devTool` VALUES (4, 1);
INSERT INTO `gameOnPlatform_devTool` VALUES (4, 3);
INSERT INTO `gameOnPlatform_devTool` VALUES (4, 7);
INSERT INTO `gameOnPlatform_devTool` VALUES (4, 17);
INSERT INTO `gameOnPlatform_devTool` VALUES (4, 18);
INSERT INTO `gameOnPlatform_devTool` VALUES (4, 19);
INSERT INTO `gameOnPlatform_devTool` VALUES (4, 31);
INSERT INTO `gameOnPlatform_devTool` VALUES (4, 32);
INSERT INTO `gameOnPlatform_devTool` VALUES (4, 36);
INSERT INTO `gameOnPlatform_devTool` VALUES (4, 37);
INSERT INTO `gameOnPlatform_devTool` VALUES (4, 45);
INSERT INTO `gameOnPlatform_devTool` VALUES (4, 49);
INSERT INTO `gameOnPlatform_devTool` VALUES (4, 55);
INSERT INTO `gameOnPlatform_devTool` VALUES (4, 58);
INSERT INTO `gameOnPlatform_devTool` VALUES (4, 59);
INSERT INTO `gameOnPlatform_devTool` VALUES (4, 69);
INSERT INTO `gameOnPlatform_devTool` VALUES (4, 79);
INSERT INTO `gameOnPlatform_devTool` VALUES (4, 85);
INSERT INTO `gameOnPlatform_devTool` VALUES (4, 91);
INSERT INTO `gameOnPlatform_devTool` VALUES (4, 92);
INSERT INTO `gameOnPlatform_devTool` VALUES (5, 5);
INSERT INTO `gameOnPlatform_devTool` VALUES (5, 6);
INSERT INTO `gameOnPlatform_devTool` VALUES (5, 15);
INSERT INTO `gameOnPlatform_devTool` VALUES (5, 19);
INSERT INTO `gameOnPlatform_devTool` VALUES (5, 22);
INSERT INTO `gameOnPlatform_devTool` VALUES (5, 24);
INSERT INTO `gameOnPlatform_devTool` VALUES (5, 33);
INSERT INTO `gameOnPlatform_devTool` VALUES (5, 34);
INSERT INTO `gameOnPlatform_devTool` VALUES (5, 38);
INSERT INTO `gameOnPlatform_devTool` VALUES (5, 41);
INSERT INTO `gameOnPlatform_devTool` VALUES (5, 51);
INSERT INTO `gameOnPlatform_devTool` VALUES (5, 52);
INSERT INTO `gameOnPlatform_devTool` VALUES (5, 66);
INSERT INTO `gameOnPlatform_devTool` VALUES (5, 69);
INSERT INTO `gameOnPlatform_devTool` VALUES (5, 78);
INSERT INTO `gameOnPlatform_devTool` VALUES (5, 95);
INSERT INTO `gameOnPlatform_devTool` VALUES (5, 98);
INSERT INTO `gameOnPlatform_devTool` VALUES (5, 100);
INSERT INTO `gameOnPlatform_devTool` VALUES (6, 2);
INSERT INTO `gameOnPlatform_devTool` VALUES (6, 6);
INSERT INTO `gameOnPlatform_devTool` VALUES (6, 9);
INSERT INTO `gameOnPlatform_devTool` VALUES (6, 16);
INSERT INTO `gameOnPlatform_devTool` VALUES (6, 20);
INSERT INTO `gameOnPlatform_devTool` VALUES (6, 22);
INSERT INTO `gameOnPlatform_devTool` VALUES (6, 36);
INSERT INTO `gameOnPlatform_devTool` VALUES (6, 56);
INSERT INTO `gameOnPlatform_devTool` VALUES (6, 65);
INSERT INTO `gameOnPlatform_devTool` VALUES (6, 67);
INSERT INTO `gameOnPlatform_devTool` VALUES (6, 70);
INSERT INTO `gameOnPlatform_devTool` VALUES (6, 73);
INSERT INTO `gameOnPlatform_devTool` VALUES (6, 76);
INSERT INTO `gameOnPlatform_devTool` VALUES (6, 89);
INSERT INTO `gameOnPlatform_devTool` VALUES (6, 91);
INSERT INTO `gameOnPlatform_devTool` VALUES (6, 94);
INSERT INTO `gameOnPlatform_devTool` VALUES (6, 97);
INSERT INTO `gameOnPlatform_devTool` VALUES (6, 98);
INSERT INTO `gameOnPlatform_devTool` VALUES (7, 5);
INSERT INTO `gameOnPlatform_devTool` VALUES (7, 10);
INSERT INTO `gameOnPlatform_devTool` VALUES (7, 11);
INSERT INTO `gameOnPlatform_devTool` VALUES (7, 14);
INSERT INTO `gameOnPlatform_devTool` VALUES (7, 17);
INSERT INTO `gameOnPlatform_devTool` VALUES (7, 28);
INSERT INTO `gameOnPlatform_devTool` VALUES (7, 39);
INSERT INTO `gameOnPlatform_devTool` VALUES (7, 55);
INSERT INTO `gameOnPlatform_devTool` VALUES (7, 60);
INSERT INTO `gameOnPlatform_devTool` VALUES (7, 65);
INSERT INTO `gameOnPlatform_devTool` VALUES (7, 73);
INSERT INTO `gameOnPlatform_devTool` VALUES (8, 5);
INSERT INTO `gameOnPlatform_devTool` VALUES (8, 12);
INSERT INTO `gameOnPlatform_devTool` VALUES (8, 28);
INSERT INTO `gameOnPlatform_devTool` VALUES (8, 46);
INSERT INTO `gameOnPlatform_devTool` VALUES (8, 47);
INSERT INTO `gameOnPlatform_devTool` VALUES (8, 62);
INSERT INTO `gameOnPlatform_devTool` VALUES (8, 66);
INSERT INTO `gameOnPlatform_devTool` VALUES (8, 72);
INSERT INTO `gameOnPlatform_devTool` VALUES (8, 88);
INSERT INTO `gameOnPlatform_devTool` VALUES (8, 89);
INSERT INTO `gameOnPlatform_devTool` VALUES (8, 90);
INSERT INTO `gameOnPlatform_devTool` VALUES (9, 4);
INSERT INTO `gameOnPlatform_devTool` VALUES (9, 9);
INSERT INTO `gameOnPlatform_devTool` VALUES (9, 11);
INSERT INTO `gameOnPlatform_devTool` VALUES (9, 15);
INSERT INTO `gameOnPlatform_devTool` VALUES (9, 16);
INSERT INTO `gameOnPlatform_devTool` VALUES (9, 18);
INSERT INTO `gameOnPlatform_devTool` VALUES (9, 24);
INSERT INTO `gameOnPlatform_devTool` VALUES (9, 31);
INSERT INTO `gameOnPlatform_devTool` VALUES (9, 35);
INSERT INTO `gameOnPlatform_devTool` VALUES (9, 36);
INSERT INTO `gameOnPlatform_devTool` VALUES (9, 38);
INSERT INTO `gameOnPlatform_devTool` VALUES (9, 39);
INSERT INTO `gameOnPlatform_devTool` VALUES (9, 50);
INSERT INTO `gameOnPlatform_devTool` VALUES (9, 53);
INSERT INTO `gameOnPlatform_devTool` VALUES (9, 64);
INSERT INTO `gameOnPlatform_devTool` VALUES (9, 70);
INSERT INTO `gameOnPlatform_devTool` VALUES (9, 74);
INSERT INTO `gameOnPlatform_devTool` VALUES (9, 82);
INSERT INTO `gameOnPlatform_devTool` VALUES (9, 89);
INSERT INTO `gameOnPlatform_devTool` VALUES (9, 92);
INSERT INTO `gameOnPlatform_devTool` VALUES (9, 93);
INSERT INTO `gameOnPlatform_devTool` VALUES (10, 6);
INSERT INTO `gameOnPlatform_devTool` VALUES (10, 9);
INSERT INTO `gameOnPlatform_devTool` VALUES (10, 15);
INSERT INTO `gameOnPlatform_devTool` VALUES (10, 18);
INSERT INTO `gameOnPlatform_devTool` VALUES (10, 49);
INSERT INTO `gameOnPlatform_devTool` VALUES (10, 50);
INSERT INTO `gameOnPlatform_devTool` VALUES (10, 62);
INSERT INTO `gameOnPlatform_devTool` VALUES (10, 68);
INSERT INTO `gameOnPlatform_devTool` VALUES (10, 70);
INSERT INTO `gameOnPlatform_devTool` VALUES (10, 72);
INSERT INTO `gameOnPlatform_devTool` VALUES (10, 74);
INSERT INTO `gameOnPlatform_devTool` VALUES (10, 84);
INSERT INTO `gameOnPlatform_devTool` VALUES (10, 85);
INSERT INTO `gameOnPlatform_devTool` VALUES (10, 90);
INSERT INTO `gameOnPlatform_devTool` VALUES (10, 94);
INSERT INTO `gameOnPlatform_devTool` VALUES (11, 21);
INSERT INTO `gameOnPlatform_devTool` VALUES (11, 44);
INSERT INTO `gameOnPlatform_devTool` VALUES (11, 45);
INSERT INTO `gameOnPlatform_devTool` VALUES (11, 48);
INSERT INTO `gameOnPlatform_devTool` VALUES (11, 56);
INSERT INTO `gameOnPlatform_devTool` VALUES (11, 64);
INSERT INTO `gameOnPlatform_devTool` VALUES (11, 68);
INSERT INTO `gameOnPlatform_devTool` VALUES (11, 69);
INSERT INTO `gameOnPlatform_devTool` VALUES (11, 87);
INSERT INTO `gameOnPlatform_devTool` VALUES (11, 88);
INSERT INTO `gameOnPlatform_devTool` VALUES (11, 93);
INSERT INTO `gameOnPlatform_devTool` VALUES (12, 2);
INSERT INTO `gameOnPlatform_devTool` VALUES (12, 4);
INSERT INTO `gameOnPlatform_devTool` VALUES (12, 12);
INSERT INTO `gameOnPlatform_devTool` VALUES (12, 17);
INSERT INTO `gameOnPlatform_devTool` VALUES (12, 23);
INSERT INTO `gameOnPlatform_devTool` VALUES (12, 25);
INSERT INTO `gameOnPlatform_devTool` VALUES (12, 60);
INSERT INTO `gameOnPlatform_devTool` VALUES (12, 63);
INSERT INTO `gameOnPlatform_devTool` VALUES (12, 67);
INSERT INTO `gameOnPlatform_devTool` VALUES (12, 68);
INSERT INTO `gameOnPlatform_devTool` VALUES (12, 73);
INSERT INTO `gameOnPlatform_devTool` VALUES (12, 80);
INSERT INTO `gameOnPlatform_devTool` VALUES (12, 84);
INSERT INTO `gameOnPlatform_devTool` VALUES (12, 91);
INSERT INTO `gameOnPlatform_devTool` VALUES (12, 96);
INSERT INTO `gameOnPlatform_devTool` VALUES (13, 4);
INSERT INTO `gameOnPlatform_devTool` VALUES (13, 13);
INSERT INTO `gameOnPlatform_devTool` VALUES (13, 15);
INSERT INTO `gameOnPlatform_devTool` VALUES (13, 19);
INSERT INTO `gameOnPlatform_devTool` VALUES (13, 21);
INSERT INTO `gameOnPlatform_devTool` VALUES (13, 23);
INSERT INTO `gameOnPlatform_devTool` VALUES (13, 27);
INSERT INTO `gameOnPlatform_devTool` VALUES (13, 28);
INSERT INTO `gameOnPlatform_devTool` VALUES (13, 29);
INSERT INTO `gameOnPlatform_devTool` VALUES (13, 36);
INSERT INTO `gameOnPlatform_devTool` VALUES (13, 38);
INSERT INTO `gameOnPlatform_devTool` VALUES (13, 49);
INSERT INTO `gameOnPlatform_devTool` VALUES (13, 50);
INSERT INTO `gameOnPlatform_devTool` VALUES (13, 53);
INSERT INTO `gameOnPlatform_devTool` VALUES (13, 56);
INSERT INTO `gameOnPlatform_devTool` VALUES (13, 68);
INSERT INTO `gameOnPlatform_devTool` VALUES (13, 71);
INSERT INTO `gameOnPlatform_devTool` VALUES (13, 72);
INSERT INTO `gameOnPlatform_devTool` VALUES (13, 79);
INSERT INTO `gameOnPlatform_devTool` VALUES (13, 80);
INSERT INTO `gameOnPlatform_devTool` VALUES (13, 84);
INSERT INTO `gameOnPlatform_devTool` VALUES (13, 88);
INSERT INTO `gameOnPlatform_devTool` VALUES (13, 99);
INSERT INTO `gameOnPlatform_devTool` VALUES (14, 1);
INSERT INTO `gameOnPlatform_devTool` VALUES (14, 4);
INSERT INTO `gameOnPlatform_devTool` VALUES (14, 25);
INSERT INTO `gameOnPlatform_devTool` VALUES (14, 76);
INSERT INTO `gameOnPlatform_devTool` VALUES (14, 78);
INSERT INTO `gameOnPlatform_devTool` VALUES (14, 82);
INSERT INTO `gameOnPlatform_devTool` VALUES (14, 84);
INSERT INTO `gameOnPlatform_devTool` VALUES (14, 96);
INSERT INTO `gameOnPlatform_devTool` VALUES (14, 100);
INSERT INTO `gameOnPlatform_devTool` VALUES (15, 1);
INSERT INTO `gameOnPlatform_devTool` VALUES (15, 14);
INSERT INTO `gameOnPlatform_devTool` VALUES (15, 18);
INSERT INTO `gameOnPlatform_devTool` VALUES (15, 20);
INSERT INTO `gameOnPlatform_devTool` VALUES (15, 26);
INSERT INTO `gameOnPlatform_devTool` VALUES (15, 38);
INSERT INTO `gameOnPlatform_devTool` VALUES (15, 59);
INSERT INTO `gameOnPlatform_devTool` VALUES (15, 63);
INSERT INTO `gameOnPlatform_devTool` VALUES (15, 67);
INSERT INTO `gameOnPlatform_devTool` VALUES (15, 78);
INSERT INTO `gameOnPlatform_devTool` VALUES (15, 82);
INSERT INTO `gameOnPlatform_devTool` VALUES (15, 96);
INSERT INTO `gameOnPlatform_devTool` VALUES (16, 2);
INSERT INTO `gameOnPlatform_devTool` VALUES (16, 32);
INSERT INTO `gameOnPlatform_devTool` VALUES (16, 34);
INSERT INTO `gameOnPlatform_devTool` VALUES (16, 40);
INSERT INTO `gameOnPlatform_devTool` VALUES (16, 47);
INSERT INTO `gameOnPlatform_devTool` VALUES (16, 50);
INSERT INTO `gameOnPlatform_devTool` VALUES (16, 56);
INSERT INTO `gameOnPlatform_devTool` VALUES (16, 60);
INSERT INTO `gameOnPlatform_devTool` VALUES (16, 65);
INSERT INTO `gameOnPlatform_devTool` VALUES (16, 84);
INSERT INTO `gameOnPlatform_devTool` VALUES (17, 6);
INSERT INTO `gameOnPlatform_devTool` VALUES (17, 7);
INSERT INTO `gameOnPlatform_devTool` VALUES (17, 8);
INSERT INTO `gameOnPlatform_devTool` VALUES (17, 14);
INSERT INTO `gameOnPlatform_devTool` VALUES (17, 17);
INSERT INTO `gameOnPlatform_devTool` VALUES (17, 20);
INSERT INTO `gameOnPlatform_devTool` VALUES (17, 30);
INSERT INTO `gameOnPlatform_devTool` VALUES (17, 32);
INSERT INTO `gameOnPlatform_devTool` VALUES (17, 35);
INSERT INTO `gameOnPlatform_devTool` VALUES (17, 40);
INSERT INTO `gameOnPlatform_devTool` VALUES (17, 43);
INSERT INTO `gameOnPlatform_devTool` VALUES (17, 46);
INSERT INTO `gameOnPlatform_devTool` VALUES (17, 48);
INSERT INTO `gameOnPlatform_devTool` VALUES (17, 65);
INSERT INTO `gameOnPlatform_devTool` VALUES (17, 69);
INSERT INTO `gameOnPlatform_devTool` VALUES (17, 72);
INSERT INTO `gameOnPlatform_devTool` VALUES (17, 76);
INSERT INTO `gameOnPlatform_devTool` VALUES (17, 82);
INSERT INTO `gameOnPlatform_devTool` VALUES (17, 86);
INSERT INTO `gameOnPlatform_devTool` VALUES (17, 87);
INSERT INTO `gameOnPlatform_devTool` VALUES (18, 2);
INSERT INTO `gameOnPlatform_devTool` VALUES (18, 11);
INSERT INTO `gameOnPlatform_devTool` VALUES (18, 15);
INSERT INTO `gameOnPlatform_devTool` VALUES (18, 24);
INSERT INTO `gameOnPlatform_devTool` VALUES (18, 36);
INSERT INTO `gameOnPlatform_devTool` VALUES (18, 39);
INSERT INTO `gameOnPlatform_devTool` VALUES (18, 44);
INSERT INTO `gameOnPlatform_devTool` VALUES (18, 57);
INSERT INTO `gameOnPlatform_devTool` VALUES (18, 62);
INSERT INTO `gameOnPlatform_devTool` VALUES (18, 77);
INSERT INTO `gameOnPlatform_devTool` VALUES (18, 81);
INSERT INTO `gameOnPlatform_devTool` VALUES (18, 82);
INSERT INTO `gameOnPlatform_devTool` VALUES (18, 83);
INSERT INTO `gameOnPlatform_devTool` VALUES (18, 87);
INSERT INTO `gameOnPlatform_devTool` VALUES (18, 98);
INSERT INTO `gameOnPlatform_devTool` VALUES (19, 2);
INSERT INTO `gameOnPlatform_devTool` VALUES (19, 24);
INSERT INTO `gameOnPlatform_devTool` VALUES (19, 25);
INSERT INTO `gameOnPlatform_devTool` VALUES (19, 31);
INSERT INTO `gameOnPlatform_devTool` VALUES (19, 32);
INSERT INTO `gameOnPlatform_devTool` VALUES (19, 37);
INSERT INTO `gameOnPlatform_devTool` VALUES (19, 42);
INSERT INTO `gameOnPlatform_devTool` VALUES (19, 43);
INSERT INTO `gameOnPlatform_devTool` VALUES (19, 52);
INSERT INTO `gameOnPlatform_devTool` VALUES (19, 54);
INSERT INTO `gameOnPlatform_devTool` VALUES (19, 58);
INSERT INTO `gameOnPlatform_devTool` VALUES (19, 64);
INSERT INTO `gameOnPlatform_devTool` VALUES (19, 75);
INSERT INTO `gameOnPlatform_devTool` VALUES (19, 84);
INSERT INTO `gameOnPlatform_devTool` VALUES (19, 94);
INSERT INTO `gameOnPlatform_devTool` VALUES (20, 5);
INSERT INTO `gameOnPlatform_devTool` VALUES (20, 7);
INSERT INTO `gameOnPlatform_devTool` VALUES (20, 19);
INSERT INTO `gameOnPlatform_devTool` VALUES (20, 24);
INSERT INTO `gameOnPlatform_devTool` VALUES (20, 29);
INSERT INTO `gameOnPlatform_devTool` VALUES (20, 35);
INSERT INTO `gameOnPlatform_devTool` VALUES (20, 38);
INSERT INTO `gameOnPlatform_devTool` VALUES (20, 50);
INSERT INTO `gameOnPlatform_devTool` VALUES (20, 65);
INSERT INTO `gameOnPlatform_devTool` VALUES (20, 68);
INSERT INTO `gameOnPlatform_devTool` VALUES (20, 70);
INSERT INTO `gameOnPlatform_devTool` VALUES (20, 71);
INSERT INTO `gameOnPlatform_devTool` VALUES (20, 78);
INSERT INTO `gameOnPlatform_devTool` VALUES (20, 86);
INSERT INTO `gameOnPlatform_devTool` VALUES (20, 88);
INSERT INTO `gameOnPlatform_devTool` VALUES (20, 98);
INSERT INTO `gameOnPlatform_devTool` VALUES (20, 99);
INSERT INTO `gameOnPlatform_devTool` VALUES (21, 7);
INSERT INTO `gameOnPlatform_devTool` VALUES (21, 11);
INSERT INTO `gameOnPlatform_devTool` VALUES (21, 15);
INSERT INTO `gameOnPlatform_devTool` VALUES (21, 16);
INSERT INTO `gameOnPlatform_devTool` VALUES (21, 20);
INSERT INTO `gameOnPlatform_devTool` VALUES (21, 38);
INSERT INTO `gameOnPlatform_devTool` VALUES (21, 45);
INSERT INTO `gameOnPlatform_devTool` VALUES (21, 51);
INSERT INTO `gameOnPlatform_devTool` VALUES (21, 53);
INSERT INTO `gameOnPlatform_devTool` VALUES (21, 57);
INSERT INTO `gameOnPlatform_devTool` VALUES (21, 63);
INSERT INTO `gameOnPlatform_devTool` VALUES (21, 67);
INSERT INTO `gameOnPlatform_devTool` VALUES (21, 83);
INSERT INTO `gameOnPlatform_devTool` VALUES (21, 91);
INSERT INTO `gameOnPlatform_devTool` VALUES (21, 93);
INSERT INTO `gameOnPlatform_devTool` VALUES (21, 95);
INSERT INTO `gameOnPlatform_devTool` VALUES (22, 8);
INSERT INTO `gameOnPlatform_devTool` VALUES (22, 10);
INSERT INTO `gameOnPlatform_devTool` VALUES (22, 12);
INSERT INTO `gameOnPlatform_devTool` VALUES (22, 16);
INSERT INTO `gameOnPlatform_devTool` VALUES (22, 22);
INSERT INTO `gameOnPlatform_devTool` VALUES (22, 32);
INSERT INTO `gameOnPlatform_devTool` VALUES (22, 51);
INSERT INTO `gameOnPlatform_devTool` VALUES (22, 59);
INSERT INTO `gameOnPlatform_devTool` VALUES (22, 61);
INSERT INTO `gameOnPlatform_devTool` VALUES (22, 74);
INSERT INTO `gameOnPlatform_devTool` VALUES (22, 95);
INSERT INTO `gameOnPlatform_devTool` VALUES (22, 99);
INSERT INTO `gameOnPlatform_devTool` VALUES (23, 3);
INSERT INTO `gameOnPlatform_devTool` VALUES (23, 31);
INSERT INTO `gameOnPlatform_devTool` VALUES (23, 32);
INSERT INTO `gameOnPlatform_devTool` VALUES (23, 43);
INSERT INTO `gameOnPlatform_devTool` VALUES (23, 63);
INSERT INTO `gameOnPlatform_devTool` VALUES (23, 64);
INSERT INTO `gameOnPlatform_devTool` VALUES (24, 8);
INSERT INTO `gameOnPlatform_devTool` VALUES (24, 14);
INSERT INTO `gameOnPlatform_devTool` VALUES (24, 18);
INSERT INTO `gameOnPlatform_devTool` VALUES (24, 33);
INSERT INTO `gameOnPlatform_devTool` VALUES (24, 41);
INSERT INTO `gameOnPlatform_devTool` VALUES (24, 42);
INSERT INTO `gameOnPlatform_devTool` VALUES (24, 49);
INSERT INTO `gameOnPlatform_devTool` VALUES (24, 53);
INSERT INTO `gameOnPlatform_devTool` VALUES (24, 58);
INSERT INTO `gameOnPlatform_devTool` VALUES (24, 60);
INSERT INTO `gameOnPlatform_devTool` VALUES (24, 74);
INSERT INTO `gameOnPlatform_devTool` VALUES (24, 76);
INSERT INTO `gameOnPlatform_devTool` VALUES (25, 7);
INSERT INTO `gameOnPlatform_devTool` VALUES (25, 9);
INSERT INTO `gameOnPlatform_devTool` VALUES (25, 10);
INSERT INTO `gameOnPlatform_devTool` VALUES (25, 21);
INSERT INTO `gameOnPlatform_devTool` VALUES (25, 33);
INSERT INTO `gameOnPlatform_devTool` VALUES (25, 53);
INSERT INTO `gameOnPlatform_devTool` VALUES (25, 58);
INSERT INTO `gameOnPlatform_devTool` VALUES (25, 85);
INSERT INTO `gameOnPlatform_devTool` VALUES (25, 87);
INSERT INTO `gameOnPlatform_devTool` VALUES (25, 88);
INSERT INTO `gameOnPlatform_devTool` VALUES (25, 90);
INSERT INTO `gameOnPlatform_devTool` VALUES (25, 98);
INSERT INTO `gameOnPlatform_devTool` VALUES (26, 2);
INSERT INTO `gameOnPlatform_devTool` VALUES (26, 6);
INSERT INTO `gameOnPlatform_devTool` VALUES (26, 12);
INSERT INTO `gameOnPlatform_devTool` VALUES (26, 26);
INSERT INTO `gameOnPlatform_devTool` VALUES (26, 27);
INSERT INTO `gameOnPlatform_devTool` VALUES (26, 48);
INSERT INTO `gameOnPlatform_devTool` VALUES (26, 53);
INSERT INTO `gameOnPlatform_devTool` VALUES (26, 56);
INSERT INTO `gameOnPlatform_devTool` VALUES (26, 59);
INSERT INTO `gameOnPlatform_devTool` VALUES (26, 63);
INSERT INTO `gameOnPlatform_devTool` VALUES (26, 64);
INSERT INTO `gameOnPlatform_devTool` VALUES (26, 70);
INSERT INTO `gameOnPlatform_devTool` VALUES (26, 71);
INSERT INTO `gameOnPlatform_devTool` VALUES (26, 73);
INSERT INTO `gameOnPlatform_devTool` VALUES (26, 78);
INSERT INTO `gameOnPlatform_devTool` VALUES (26, 83);
INSERT INTO `gameOnPlatform_devTool` VALUES (26, 86);
INSERT INTO `gameOnPlatform_devTool` VALUES (27, 7);
INSERT INTO `gameOnPlatform_devTool` VALUES (27, 16);
INSERT INTO `gameOnPlatform_devTool` VALUES (27, 27);
INSERT INTO `gameOnPlatform_devTool` VALUES (27, 33);
INSERT INTO `gameOnPlatform_devTool` VALUES (27, 35);
INSERT INTO `gameOnPlatform_devTool` VALUES (27, 41);
INSERT INTO `gameOnPlatform_devTool` VALUES (27, 47);
INSERT INTO `gameOnPlatform_devTool` VALUES (27, 51);
INSERT INTO `gameOnPlatform_devTool` VALUES (27, 59);
INSERT INTO `gameOnPlatform_devTool` VALUES (27, 61);
INSERT INTO `gameOnPlatform_devTool` VALUES (27, 73);
INSERT INTO `gameOnPlatform_devTool` VALUES (27, 76);
INSERT INTO `gameOnPlatform_devTool` VALUES (27, 78);
INSERT INTO `gameOnPlatform_devTool` VALUES (27, 82);
INSERT INTO `gameOnPlatform_devTool` VALUES (27, 97);
INSERT INTO `gameOnPlatform_devTool` VALUES (28, 59);

-- --------------------------------------------------------

-- 
-- Table structure for table `game_genra`
-- 

CREATE TABLE `game_genra` (
  `game_id` int(11) NOT NULL DEFAULT '0',
  `genra_id` int(11) NOT NULL DEFAULT '0',
  PRIMARY KEY (`game_id`,`genra_id`),
  KEY `genra_id` (`genra_id`)
) ENGINE=InnoDB DEFAULT CHARSET=latin1;

-- 
-- Dumping data for table `game_genra`
-- 

INSERT INTO `game_genra` VALUES (5, 1);
INSERT INTO `game_genra` VALUES (30, 1);
INSERT INTO `game_genra` VALUES (35, 1);
INSERT INTO `game_genra` VALUES (39, 1);
INSERT INTO `game_genra` VALUES (51, 1);
INSERT INTO `game_genra` VALUES (52, 1);
INSERT INTO `game_genra` VALUES (55, 1);
INSERT INTO `game_genra` VALUES (64, 1);
INSERT INTO `game_genra` VALUES (1, 2);
INSERT INTO `game_genra` VALUES (22, 2);
INSERT INTO `game_genra` VALUES (35, 2);
INSERT INTO `game_genra` VALUES (46, 2);
INSERT INTO `game_genra` VALUES (63, 2);
INSERT INTO `game_genra` VALUES (64, 2);
INSERT INTO `game_genra` VALUES (3, 3);
INSERT INTO `game_genra` VALUES (14, 3);
INSERT INTO `game_genra` VALUES (21, 3);
INSERT INTO `game_genra` VALUES (24, 3);
INSERT INTO `game_genra` VALUES (31, 3);
INSERT INTO `game_genra` VALUES (53, 3);
INSERT INTO `game_genra` VALUES (54, 3);
INSERT INTO `game_genra` VALUES (63, 3);
INSERT INTO `game_genra` VALUES (1, 4);
INSERT INTO `game_genra` VALUES (5, 4);
INSERT INTO `game_genra` VALUES (12, 4);
INSERT INTO `game_genra` VALUES (38, 4);
INSERT INTO `game_genra` VALUES (44, 4);
INSERT INTO `game_genra` VALUES (47, 4);
INSERT INTO `game_genra` VALUES (55, 4);
INSERT INTO `game_genra` VALUES (59, 4);
INSERT INTO `game_genra` VALUES (13, 5);
INSERT INTO `game_genra` VALUES (17, 5);
INSERT INTO `game_genra` VALUES (26, 5);
INSERT INTO `game_genra` VALUES (28, 5);
INSERT INTO `game_genra` VALUES (39, 5);
INSERT INTO `game_genra` VALUES (44, 5);
INSERT INTO `game_genra` VALUES (47, 5);
INSERT INTO `game_genra` VALUES (59, 5);
INSERT INTO `game_genra` VALUES (61, 5);
INSERT INTO `game_genra` VALUES (63, 5);
INSERT INTO `game_genra` VALUES (64, 5);
INSERT INTO `game_genra` VALUES (10, 6);
INSERT INTO `game_genra` VALUES (11, 6);
INSERT INTO `game_genra` VALUES (15, 6);
INSERT INTO `game_genra` VALUES (20, 6);
INSERT INTO `game_genra` VALUES (21, 6);
INSERT INTO `game_genra` VALUES (23, 6);
INSERT INTO `game_genra` VALUES (28, 6);
INSERT INTO `game_genra` VALUES (30, 6);
INSERT INTO `game_genra` VALUES (33, 6);
INSERT INTO `game_genra` VALUES (39, 6);
INSERT INTO `game_genra` VALUES (45, 6);
INSERT INTO `game_genra` VALUES (46, 6);
INSERT INTO `game_genra` VALUES (49, 6);
INSERT INTO `game_genra` VALUES (53, 6);
INSERT INTO `game_genra` VALUES (55, 6);
INSERT INTO `game_genra` VALUES (61, 6);
INSERT INTO `game_genra` VALUES (21, 7);
INSERT INTO `game_genra` VALUES (30, 7);
INSERT INTO `game_genra` VALUES (36, 7);
INSERT INTO `game_genra` VALUES (44, 7);
INSERT INTO `game_genra` VALUES (46, 7);
INSERT INTO `game_genra` VALUES (53, 7);
INSERT INTO `game_genra` VALUES (4, 8);
INSERT INTO `game_genra` VALUES (13, 8);
INSERT INTO `game_genra` VALUES (24, 8);
INSERT INTO `game_genra` VALUES (47, 8);
INSERT INTO `game_genra` VALUES (49, 8);
INSERT INTO `game_genra` VALUES (2, 9);
INSERT INTO `game_genra` VALUES (7, 9);
INSERT INTO `game_genra` VALUES (13, 9);
INSERT INTO `game_genra` VALUES (23, 9);
INSERT INTO `game_genra` VALUES (27, 9);
INSERT INTO `game_genra` VALUES (40, 9);
INSERT INTO `game_genra` VALUES (52, 9);
INSERT INTO `game_genra` VALUES (53, 9);
INSERT INTO `game_genra` VALUES (2, 10);
INSERT INTO `game_genra` VALUES (4, 10);
INSERT INTO `game_genra` VALUES (5, 10);
INSERT INTO `game_genra` VALUES (13, 10);
INSERT INTO `game_genra` VALUES (16, 10);
INSERT INTO `game_genra` VALUES (18, 10);
INSERT INTO `game_genra` VALUES (20, 10);
INSERT INTO `game_genra` VALUES (22, 10);
INSERT INTO `game_genra` VALUES (27, 10);
INSERT INTO `game_genra` VALUES (33, 10);
INSERT INTO `game_genra` VALUES (35, 10);
INSERT INTO `game_genra` VALUES (40, 10);
INSERT INTO `game_genra` VALUES (41, 10);
INSERT INTO `game_genra` VALUES (5, 11);
INSERT INTO `game_genra` VALUES (11, 11);
INSERT INTO `game_genra` VALUES (12, 11);
INSERT INTO `game_genra` VALUES (17, 11);
INSERT INTO `game_genra` VALUES (36, 11);
INSERT INTO `game_genra` VALUES (42, 11);
INSERT INTO `game_genra` VALUES (45, 11);
INSERT INTO `game_genra` VALUES (64, 11);
INSERT INTO `game_genra` VALUES (36, 12);
INSERT INTO `game_genra` VALUES (54, 12);
INSERT INTO `game_genra` VALUES (58, 12);
INSERT INTO `game_genra` VALUES (60, 12);
INSERT INTO `game_genra` VALUES (17, 13);
INSERT INTO `game_genra` VALUES (21, 13);
INSERT INTO `game_genra` VALUES (26, 13);
INSERT INTO `game_genra` VALUES (30, 13);
INSERT INTO `game_genra` VALUES (33, 13);
INSERT INTO `game_genra` VALUES (39, 13);
INSERT INTO `game_genra` VALUES (5, 14);
INSERT INTO `game_genra` VALUES (15, 14);
INSERT INTO `game_genra` VALUES (17, 14);
INSERT INTO `game_genra` VALUES (23, 14);
INSERT INTO `game_genra` VALUES (31, 14);
INSERT INTO `game_genra` VALUES (35, 14);
INSERT INTO `game_genra` VALUES (45, 14);
INSERT INTO `game_genra` VALUES (49, 14);
INSERT INTO `game_genra` VALUES (55, 14);
INSERT INTO `game_genra` VALUES (58, 14);
INSERT INTO `game_genra` VALUES (65, 14);
INSERT INTO `game_genra` VALUES (66, 14);
INSERT INTO `game_genra` VALUES (68, 14);
INSERT INTO `game_genra` VALUES (1, 15);
INSERT INTO `game_genra` VALUES (2, 15);
INSERT INTO `game_genra` VALUES (10, 15);
INSERT INTO `game_genra` VALUES (20, 15);
INSERT INTO `game_genra` VALUES (21, 15);
INSERT INTO `game_genra` VALUES (23, 15);
INSERT INTO `game_genra` VALUES (39, 15);
INSERT INTO `game_genra` VALUES (43, 15);
INSERT INTO `game_genra` VALUES (58, 15);
INSERT INTO `game_genra` VALUES (62, 15);
INSERT INTO `game_genra` VALUES (66, 15);
INSERT INTO `game_genra` VALUES (18, 16);
INSERT INTO `game_genra` VALUES (31, 16);
INSERT INTO `game_genra` VALUES (42, 16);
INSERT INTO `game_genra` VALUES (53, 16);
INSERT INTO `game_genra` VALUES (56, 16);
INSERT INTO `game_genra` VALUES (12, 17);
INSERT INTO `game_genra` VALUES (16, 17);
INSERT INTO `game_genra` VALUES (17, 17);
INSERT INTO `game_genra` VALUES (26, 17);
INSERT INTO `game_genra` VALUES (51, 17);
INSERT INTO `game_genra` VALUES (59, 17);
INSERT INTO `game_genra` VALUES (10, 18);
INSERT INTO `game_genra` VALUES (12, 18);
INSERT INTO `game_genra` VALUES (16, 18);
INSERT INTO `game_genra` VALUES (31, 18);
INSERT INTO `game_genra` VALUES (40, 18);
INSERT INTO `game_genra` VALUES (48, 18);
INSERT INTO `game_genra` VALUES (2, 19);
INSERT INTO `game_genra` VALUES (11, 19);
INSERT INTO `game_genra` VALUES (20, 19);
INSERT INTO `game_genra` VALUES (22, 19);
INSERT INTO `game_genra` VALUES (26, 19);
INSERT INTO `game_genra` VALUES (30, 19);
INSERT INTO `game_genra` VALUES (42, 19);
INSERT INTO `game_genra` VALUES (45, 19);
INSERT INTO `game_genra` VALUES (49, 19);
INSERT INTO `game_genra` VALUES (63, 19);
INSERT INTO `game_genra` VALUES (66, 19);
INSERT INTO `game_genra` VALUES (15, 20);
INSERT INTO `game_genra` VALUES (19, 20);
INSERT INTO `game_genra` VALUES (26, 20);
INSERT INTO `game_genra` VALUES (33, 20);
INSERT INTO `game_genra` VALUES (36, 20);
INSERT INTO `game_genra` VALUES (37, 20);
INSERT INTO `game_genra` VALUES (64, 20);
INSERT INTO `game_genra` VALUES (2, 21);
INSERT INTO `game_genra` VALUES (14, 21);
INSERT INTO `game_genra` VALUES (19, 21);
INSERT INTO `game_genra` VALUES (20, 21);
INSERT INTO `game_genra` VALUES (22, 21);
INSERT INTO `game_genra` VALUES (24, 21);
INSERT INTO `game_genra` VALUES (28, 21);
INSERT INTO `game_genra` VALUES (43, 21);
INSERT INTO `game_genra` VALUES (63, 21);

-- --------------------------------------------------------

-- 
-- Table structure for table `game_on_platform`
-- 

CREATE TABLE `game_on_platform` (
  `gp_id` int(11) NOT NULL,
  `p_id` int(11) DEFAULT NULL,
  `g_id` int(11) DEFAULT NULL,
  `gp_name` varchar(20) DEFAULT NULL,
  `company` int(11) DEFAULT NULL,
  `price` double DEFAULT NULL,
  PRIMARY KEY (`gp_id`),
  KEY `gp_fk_p` (`p_id`),
  KEY `gp_fk_g` (`g_id`),
  KEY `wt_fk_c` (`company`)
) ENGINE=InnoDB DEFAULT CHARSET=latin1;

-- 
-- Dumping data for table `game_on_platform`
-- 

INSERT INTO `game_on_platform` VALUES (1, 1, 6, 'Windows:Minecraft', 9, 3.04);
INSERT INTO `game_on_platform` VALUES (2, 1, 7, 'Windows:Sleeping Dog', 9, 10.91);
INSERT INTO `game_on_platform` VALUES (3, 1, 9, 'Windows:Metal Gear S', 9, 14.15);
INSERT INTO `game_on_platform` VALUES (4, 1, 15, 'Windows:Mirror''s Edg', 9, 30.92);
INSERT INTO `game_on_platform` VALUES (5, 1, 19, 'Windows:Spore', 9, 63.08);
INSERT INTO `game_on_platform` VALUES (6, 1, 29, 'Windows:Yakuza', 9, 60.77);
INSERT INTO `game_on_platform` VALUES (7, 1, 31, 'Windows:Silent Hill', 9, 8.9);
INSERT INTO `game_on_platform` VALUES (8, 1, 37, 'Windows:Splinter Cel', 9, 38.99);
INSERT INTO `game_on_platform` VALUES (9, 1, 41, 'Windows:South Park: ', 9, 59.71);
INSERT INTO `game_on_platform` VALUES (10, 1, 44, 'Windows:H.A.W.X.', 9, 29.02);
INSERT INTO `game_on_platform` VALUES (11, 1, 60, 'Windows:Portal', 9, 71.41);
INSERT INTO `game_on_platform` VALUES (12, 1, 67, 'Windows:Devil May Cr', 9, 62.26);
INSERT INTO `game_on_platform` VALUES (13, 1, 68, 'Windows:Max Payne', 9, 76.52);
INSERT INTO `game_on_platform` VALUES (14, 2, 1, 'Mac:Final Fantasy', 11, 26.09);
INSERT INTO `game_on_platform` VALUES (15, 2, 6, 'Mac:Minecraft', 11, 97.49);
INSERT INTO `game_on_platform` VALUES (16, 2, 8, 'Mac:Thief', 11, 53.31);
INSERT INTO `game_on_platform` VALUES (17, 2, 10, 'Mac:Castlevania', 11, 99.33);
INSERT INTO `game_on_platform` VALUES (18, 2, 17, 'Mac:Titanfall', 11, 29.63);
INSERT INTO `game_on_platform` VALUES (19, 2, 18, 'Mac:Mass Effect', 11, 29.33);
INSERT INTO `game_on_platform` VALUES (20, 2, 25, 'Mac:Alien: Isolation', 11, 76.78);
INSERT INTO `game_on_platform` VALUES (21, 2, 31, 'Mac:Silent Hill', 11, 47.46);
INSERT INTO `game_on_platform` VALUES (22, 2, 36, 'Mac:The Division', 11, 76.65);
INSERT INTO `game_on_platform` VALUES (23, 2, 37, 'Mac:Splinter Cell Bl', 11, 49.32);
INSERT INTO `game_on_platform` VALUES (24, 2, 39, 'Mac:Rainbow Six Sieg', 11, 78.21);
INSERT INTO `game_on_platform` VALUES (25, 2, 40, 'Mac:Ghost Recon Phan', 11, 34.22);
INSERT INTO `game_on_platform` VALUES (26, 2, 44, 'Mac:H.A.W.X.', 11, 26.38);
INSERT INTO `game_on_platform` VALUES (27, 2, 46, 'Mac:Mario', 11, 44.95);
INSERT INTO `game_on_platform` VALUES (28, 2, 49, 'Mac:Animal Crossing', 11, 88.09);
INSERT INTO `game_on_platform` VALUES (29, 2, 50, 'Mac:Mario Kart', 11, 53.85);
INSERT INTO `game_on_platform` VALUES (30, 2, 52, 'Mac:Super Smash Bros', 11, 42.67);
INSERT INTO `game_on_platform` VALUES (31, 2, 53, 'Mac:Pokemon', 11, 52.19);
INSERT INTO `game_on_platform` VALUES (32, 3, 11, 'iOS:The Sims', 11, 85.88);
INSERT INTO `game_on_platform` VALUES (33, 3, 60, 'iOS:Portal', 11, 10.01);
INSERT INTO `game_on_platform` VALUES (34, 4, 8, 'Android:Thief', 12, 50.69);
INSERT INTO `game_on_platform` VALUES (35, 4, 24, 'Android:Sonic the He', 12, 60.19);
INSERT INTO `game_on_platform` VALUES (36, 4, 38, 'Android:Valiant Hear', 12, 25.2);
INSERT INTO `game_on_platform` VALUES (37, 5, 33, 'PSP:Assassin''s Creed', 5, 59.14);
INSERT INTO `game_on_platform` VALUES (38, 5, 37, 'PSP:Splinter Cell Bl', 5, 94.08);
INSERT INTO `game_on_platform` VALUES (39, 5, 45, 'PSP:Prince of Persia', 5, 26.32);
INSERT INTO `game_on_platform` VALUES (40, 6, 6, 'PS:Minecraft', 5, 12.9);
INSERT INTO `game_on_platform` VALUES (41, 6, 8, 'PS:Thief', 5, 40.88);
INSERT INTO `game_on_platform` VALUES (42, 6, 14, 'PS:Dragon Age', 5, 56.21);
INSERT INTO `game_on_platform` VALUES (43, 6, 23, 'PS:SimCity', 5, 7.22);
INSERT INTO `game_on_platform` VALUES (44, 6, 31, 'PS:Silent Hill', 5, 42.62);
INSERT INTO `game_on_platform` VALUES (45, 6, 36, 'PS:The Division', 5, 7.5);
INSERT INTO `game_on_platform` VALUES (46, 6, 38, 'PS:Valiant Hearts', 5, 11.72);
INSERT INTO `game_on_platform` VALUES (47, 6, 43, 'PS:Driver: San Franc', 5, 58.87);
INSERT INTO `game_on_platform` VALUES (48, 6, 50, 'PS:Mario Kart', 5, 6.41);
INSERT INTO `game_on_platform` VALUES (49, 6, 54, 'PS:Kinectimals', 5, 44.16);
INSERT INTO `game_on_platform` VALUES (50, 6, 58, 'PS:Half-Life', 5, 43.19);
INSERT INTO `game_on_platform` VALUES (51, 6, 59, 'PS:Team Fortress', 5, 96.81);
INSERT INTO `game_on_platform` VALUES (52, 6, 61, 'PS:Dota 2', 5, 46.74);
INSERT INTO `game_on_platform` VALUES (53, 6, 64, 'PS:Garry''s Mod', 5, 92.9);
INSERT INTO `game_on_platform` VALUES (54, 7, 12, 'Wii:Battlefield 4', 8, 91.84);
INSERT INTO `game_on_platform` VALUES (55, 7, 25, 'Wii:Alien: Isolation', 8, 36.2);
INSERT INTO `game_on_platform` VALUES (56, 7, 30, 'Wii:Valkyria Chronic', 8, 65.69);
INSERT INTO `game_on_platform` VALUES (57, 7, 31, 'Wii:Silent Hill', 8, 54.52);
INSERT INTO `game_on_platform` VALUES (58, 7, 39, 'Wii:Rainbow Six Sieg', 8, 10.74);
INSERT INTO `game_on_platform` VALUES (59, 7, 46, 'Wii:Mario', 8, 50.52);
INSERT INTO `game_on_platform` VALUES (60, 7, 61, 'Wii:Dota 2', 8, 78.13);
INSERT INTO `game_on_platform` VALUES (61, 7, 66, 'Wii:Doom', 8, 44.63);
INSERT INTO `game_on_platform` VALUES (62, 8, 48, 'Wii-U:Donkey Kong', 8, 54.53);
INSERT INTO `game_on_platform` VALUES (63, 9, 2, 'Game_Cube:Tomb Raide', 8, 97.78);
INSERT INTO `game_on_platform` VALUES (64, 9, 9, 'Game_Cube:Metal Gear', 8, 81.25);
INSERT INTO `game_on_platform` VALUES (65, 9, 12, 'Game_Cube:Battlefiel', 8, 22.76);
INSERT INTO `game_on_platform` VALUES (66, 9, 13, 'Game_Cube:FIFA', 8, 70.41);
INSERT INTO `game_on_platform` VALUES (67, 9, 14, 'Game_Cube:Dragon Age', 8, 63.47);
INSERT INTO `game_on_platform` VALUES (68, 9, 15, 'Game_Cube:Mirror''s E', 8, 14.16);
INSERT INTO `game_on_platform` VALUES (69, 9, 22, 'Game_Cube:Skate', 8, 96.84);
INSERT INTO `game_on_platform` VALUES (70, 9, 28, 'Game_Cube:Bayonetta', 8, 51.91);
INSERT INTO `game_on_platform` VALUES (71, 9, 29, 'Game_Cube:Yakuza', 8, 60.56);
INSERT INTO `game_on_platform` VALUES (72, 9, 32, 'Game_Cube:Pro Evolut', 8, 98.26);
INSERT INTO `game_on_platform` VALUES (73, 9, 34, 'Game_Cube:Watch Dogs', 8, 29.19);
INSERT INTO `game_on_platform` VALUES (74, 9, 35, 'Game_Cube:Far Cry', 8, 79.1);
INSERT INTO `game_on_platform` VALUES (75, 9, 39, 'Game_Cube:Rainbow Si', 8, 8.77);
INSERT INTO `game_on_platform` VALUES (76, 9, 41, 'Game_Cube:South Park', 8, 81.26);
INSERT INTO `game_on_platform` VALUES (77, 9, 43, 'Game_Cube:Driver: Sa', 8, 34.65);
INSERT INTO `game_on_platform` VALUES (78, 9, 49, 'Game_Cube:Animal Cro', 8, 96.63);
INSERT INTO `game_on_platform` VALUES (79, 9, 57, 'Game_Cube:Age of Emp', 8, 87.51);
INSERT INTO `game_on_platform` VALUES (80, 9, 65, 'Game_Cube:Quake', 8, 56.38);
INSERT INTO `game_on_platform` VALUES (81, 10, 4, 'Xbox:Hitman: Absolut', 9, 66.9);
INSERT INTO `game_on_platform` VALUES (82, 10, 6, 'Xbox:Minecraft', 9, 74.66);
INSERT INTO `game_on_platform` VALUES (83, 10, 10, 'Xbox:Castlevania', 9, 19.97);
INSERT INTO `game_on_platform` VALUES (84, 10, 11, 'Xbox:The Sims', 9, 91.49);
INSERT INTO `game_on_platform` VALUES (85, 10, 12, 'Xbox:Battlefield 4', 9, 34.47);
INSERT INTO `game_on_platform` VALUES (86, 10, 14, 'Xbox:Dragon Age', 9, 56.55);
INSERT INTO `game_on_platform` VALUES (87, 10, 16, 'Xbox:Dead Space', 9, 99.39);
INSERT INTO `game_on_platform` VALUES (88, 10, 23, 'Xbox:SimCity', 9, 82.86);
INSERT INTO `game_on_platform` VALUES (89, 10, 28, 'Xbox:Bayonetta', 9, 74.75);
INSERT INTO `game_on_platform` VALUES (90, 10, 29, 'Xbox:Yakuza', 9, 22.25);
INSERT INTO `game_on_platform` VALUES (91, 10, 30, 'Xbox:Valkyria Chroni', 9, 12.97);
INSERT INTO `game_on_platform` VALUES (92, 10, 32, 'Xbox:Pro Evolution S', 9, 42.71);
INSERT INTO `game_on_platform` VALUES (93, 10, 38, 'Xbox:Valiant Hearts', 9, 41.01);
INSERT INTO `game_on_platform` VALUES (94, 10, 43, 'Xbox:Driver: San Fra', 9, 86.16);
INSERT INTO `game_on_platform` VALUES (95, 10, 51, 'Xbox:Xenoblade Chron', 9, 53.35);
INSERT INTO `game_on_platform` VALUES (96, 10, 55, 'Xbox:Ms. Splosion Ma', 9, 40.89);
INSERT INTO `game_on_platform` VALUES (97, 10, 60, 'Xbox:Portal', 9, 25.35);
INSERT INTO `game_on_platform` VALUES (98, 10, 61, 'Xbox:Dota 2', 9, 4.78);
INSERT INTO `game_on_platform` VALUES (99, 10, 63, 'Xbox:Left 4 Dead', 9, 33.61);
INSERT INTO `game_on_platform` VALUES (100, 10, 68, 'Xbox:Max Payne', 9, 46.85);
INSERT INTO `game_on_platform` VALUES (101, 1, 69, 'Window:2048', 13, 0);
INSERT INTO `game_on_platform` VALUES (102, 1, 70, 'Window:Tetris', 13, 0);
INSERT INTO `game_on_platform` VALUES (103, 1, 71, 'Window:Flappy bird', 13, 0);
INSERT INTO `game_on_platform` VALUES (104, 1, 72, 'Window:Angry Birds', 13, 0);
INSERT INTO `game_on_platform` VALUES (105, 2, 70, 'Mac:Tetris', 13, 0);
INSERT INTO `game_on_platform` VALUES (106, 2, 71, 'Mac:Flappy bird', 13, 0);
INSERT INTO `game_on_platform` VALUES (107, 2, 72, 'Mac:Angry Birds', 13, 1);
INSERT INTO `game_on_platform` VALUES (108, 3, 70, 'IOS:Tetris', 13, 1);
INSERT INTO `game_on_platform` VALUES (109, 3, 71, 'IOS:Flappy bird', 13, 1);
INSERT INTO `game_on_platform` VALUES (110, 3, 72, 'IOS:Angry Birds', 13, 0);
INSERT INTO `game_on_platform` VALUES (111, 4, 69, 'Android:2048', 13, 0);
INSERT INTO `game_on_platform` VALUES (112, 4, 71, 'Android:Flappy bird', 13, 0);
INSERT INTO `game_on_platform` VALUES (113, 4, 72, 'Android:Angry Birds', 13, 0);

-- --------------------------------------------------------

-- 
-- Table structure for table `genra`
-- 

CREATE TABLE `genra` (
  `g_id` int(11) NOT NULL,
  `gen_name` varchar(20) DEFAULT NULL,
  PRIMARY KEY (`g_id`)
) ENGINE=InnoDB DEFAULT CHARSET=latin1;

-- 
-- Dumping data for table `genra`
-- 

INSERT INTO `genra` VALUES (1, 'Survival_horror');
INSERT INTO `genra` VALUES (2, 'Action');
INSERT INTO `genra` VALUES (3, 'Adventure');
INSERT INTO `genra` VALUES (4, 'Survival');
INSERT INTO `genra` VALUES (5, 'Puzzle');
INSERT INTO `genra` VALUES (6, 'Sandbox');
INSERT INTO `genra` VALUES (7, 'Shooter');
INSERT INTO `genra` VALUES (8, 'RPG');
INSERT INTO `genra` VALUES (9, 'Simulation');
INSERT INTO `genra` VALUES (10, 'Sports');
INSERT INTO `genra` VALUES (11, 'Strategy');
INSERT INTO `genra` VALUES (12, 'Fighting');
INSERT INTO `genra` VALUES (13, 'hack_n_slash');
INSERT INTO `genra` VALUES (14, 'real_time_strategy');
INSERT INTO `genra` VALUES (15, 'maze');
INSERT INTO `genra` VALUES (16, 'platformer');
INSERT INTO `genra` VALUES (17, 'stealth');
INSERT INTO `genra` VALUES (18, 'party');
INSERT INTO `genra` VALUES (19, 'board_card');
INSERT INTO `genra` VALUES (20, 'educational');
INSERT INTO `genra` VALUES (21, 'tile_based');

-- --------------------------------------------------------

-- 
-- Table structure for table `hobbyist`
-- 

CREATE TABLE `hobbyist` (
  `ssn` int(11) NOT NULL,
  PRIMARY KEY (`ssn`)
) ENGINE=InnoDB DEFAULT CHARSET=latin1;

-- 
-- Dumping data for table `hobbyist`
-- 

INSERT INTO `hobbyist` VALUES (927150001);
INSERT INTO `hobbyist` VALUES (927150002);
INSERT INTO `hobbyist` VALUES (927150003);
INSERT INTO `hobbyist` VALUES (927150004);
INSERT INTO `hobbyist` VALUES (927150005);
INSERT INTO `hobbyist` VALUES (927150006);
INSERT INTO `hobbyist` VALUES (927150007);
INSERT INTO `hobbyist` VALUES (927150008);
INSERT INTO `hobbyist` VALUES (927150009);
INSERT INTO `hobbyist` VALUES (927150010);
INSERT INTO `hobbyist` VALUES (927150011);
INSERT INTO `hobbyist` VALUES (927150012);
INSERT INTO `hobbyist` VALUES (927150013);
INSERT INTO `hobbyist` VALUES (927150014);
INSERT INTO `hobbyist` VALUES (927150015);
INSERT INTO `hobbyist` VALUES (927150016);
INSERT INTO `hobbyist` VALUES (927150017);
INSERT INTO `hobbyist` VALUES (927150018);
INSERT INTO `hobbyist` VALUES (927150019);
INSERT INTO `hobbyist` VALUES (927150020);
INSERT INTO `hobbyist` VALUES (927150021);
INSERT INTO `hobbyist` VALUES (927150022);
INSERT INTO `hobbyist` VALUES (927150023);
INSERT INTO `hobbyist` VALUES (927150024);
INSERT INTO `hobbyist` VALUES (927150025);
INSERT INTO `hobbyist` VALUES (927150026);
INSERT INTO `hobbyist` VALUES (927150027);
INSERT INTO `hobbyist` VALUES (927150028);
INSERT INTO `hobbyist` VALUES (927150029);
INSERT INTO `hobbyist` VALUES (927150030);

-- --------------------------------------------------------

-- 
-- Table structure for table `hobbyist_make_gp`
-- 

CREATE TABLE `hobbyist_make_gp` (
  `gp_id` int(11) NOT NULL DEFAULT '0',
  `h_ssn` int(11) NOT NULL DEFAULT '0',
  PRIMARY KEY (`gp_id`,`h_ssn`),
  KEY `h_ssn` (`h_ssn`)
) ENGINE=InnoDB DEFAULT CHARSET=latin1;

-- 
-- Dumping data for table `hobbyist_make_gp`
-- 

INSERT INTO `hobbyist_make_gp` VALUES (101, 927150001);
INSERT INTO `hobbyist_make_gp` VALUES (102, 927150002);
INSERT INTO `hobbyist_make_gp` VALUES (103, 927150003);
INSERT INTO `hobbyist_make_gp` VALUES (104, 927150004);
INSERT INTO `hobbyist_make_gp` VALUES (105, 927150005);
INSERT INTO `hobbyist_make_gp` VALUES (106, 927150006);
INSERT INTO `hobbyist_make_gp` VALUES (107, 927150007);
INSERT INTO `hobbyist_make_gp` VALUES (108, 927150008);
INSERT INTO `hobbyist_make_gp` VALUES (109, 927150009);
INSERT INTO `hobbyist_make_gp` VALUES (110, 927150010);
INSERT INTO `hobbyist_make_gp` VALUES (111, 927150011);
INSERT INTO `hobbyist_make_gp` VALUES (112, 927150012);
INSERT INTO `hobbyist_make_gp` VALUES (113, 927150013);
INSERT INTO `hobbyist_make_gp` VALUES (101, 927150014);
INSERT INTO `hobbyist_make_gp` VALUES (102, 927150015);
INSERT INTO `hobbyist_make_gp` VALUES (103, 927150016);
INSERT INTO `hobbyist_make_gp` VALUES (104, 927150017);
INSERT INTO `hobbyist_make_gp` VALUES (105, 927150018);
INSERT INTO `hobbyist_make_gp` VALUES (106, 927150019);
INSERT INTO `hobbyist_make_gp` VALUES (107, 927150020);
INSERT INTO `hobbyist_make_gp` VALUES (108, 927150021);
INSERT INTO `hobbyist_make_gp` VALUES (109, 927150022);
INSERT INTO `hobbyist_make_gp` VALUES (110, 927150023);
INSERT INTO `hobbyist_make_gp` VALUES (111, 927150024);
INSERT INTO `hobbyist_make_gp` VALUES (112, 927150025);
INSERT INTO `hobbyist_make_gp` VALUES (113, 927150026);
INSERT INTO `hobbyist_make_gp` VALUES (101, 927150027);
INSERT INTO `hobbyist_make_gp` VALUES (105, 927150028);
INSERT INTO `hobbyist_make_gp` VALUES (107, 927150029);
INSERT INTO `hobbyist_make_gp` VALUES (108, 927150030);

-- --------------------------------------------------------

-- 
-- Table structure for table `person`
-- 

CREATE TABLE `person` (
  `ssn` int(11) NOT NULL,
  `f_name` varchar(20) DEFAULT NULL,
  `l_name` varchar(20) DEFAULT NULL,
  `email` varchar(20) DEFAULT NULL,
  `phone` varchar(20) DEFAULT NULL,
  `city` varchar(20) DEFAULT NULL,
  `state` varchar(20) DEFAULT NULL,
  `zipCode` int(11) DEFAULT NULL,
  PRIMARY KEY (`ssn`)
) ENGINE=InnoDB DEFAULT CHARSET=latin1;

-- 
-- Dumping data for table `person`
-- 

INSERT INTO `person` VALUES (210590001, 'Wade', 'Banana', 'bananaa@wit.edu', '617-586-0011', 'South_End', 'MA', 2224);
INSERT INTO `person` VALUES (210590002, 'Sunny', 'Day', 'sunnyd@wit.edu', '617-586-0012', 'Boston', 'MA', 2125);
INSERT INTO `person` VALUES (210590003, 'Stephanie', 'Brian', 'brianm@wit.edu', '617-586-0013', 'Boston', 'MA', 2127);
INSERT INTO `person` VALUES (210590004, 'Barry', 'Davids', 'davidsb@wit.edu', '617-586-0014', 'South_End', 'MA', 2224);
INSERT INTO `person` VALUES (210590005, 'Jimmy', 'James', 'jamesj@wit.edu', '617-586-0015', 'South_End', 'MA', 2125);
INSERT INTO `person` VALUES (210590006, 'Christ', 'Johns', 'johnsc@wit.edu', '617-802-0016', 'Boston', 'MA', 2127);
INSERT INTO `person` VALUES (210590007, 'Holt', 'Holland', 'bananaa1@wit.edu', '617-802-1233', 'South_End', 'MA', 2224);
INSERT INTO `person` VALUES (210590008, 'Patton', 'Mccoy', 'bananaa2@wit.edu', '617-290-0011', 'Boston', 'MA', 2224);
INSERT INTO `person` VALUES (210590009, 'Reed', 'Dixon', 'bananaa3@wit.edu', '617-290-0011', 'Dorchester', 'MA', 2224);
INSERT INTO `person` VALUES (210590010, 'Holt', 'Hayes', 'Aubrey@wit.edu', '617-290-0011', 'Boston', 'MA', 2224);
INSERT INTO `person` VALUES (210590011, 'Peters', 'Griffith', 'bananaa@wit.edu', '617-586-0011', 'South_End', 'MA', 2224);
INSERT INTO `person` VALUES (210590012, 'Castillo', 'Lane', 'bananaa@wit.edu', '617-123-9820', 'Boston', 'MA', 2224);
INSERT INTO `person` VALUES (210590013, 'Underwood', 'Lyons', 'Aubrey@wit.edu', '617-586-0011', 'Dorchester', 'MA', 2224);
INSERT INTO `person` VALUES (210590014, 'Henderson', 'Wade', 'bananaa@wit.edu', '617-290-123', 'South_End', 'MA', 2224);
INSERT INTO `person` VALUES (210590015, 'Conner', 'Lane', 'Eloise@wit.edu', '617-586-1235', 'Dorchester', 'MA', 2224);
INSERT INTO `person` VALUES (210590016, 'Thornton', 'Sandoval', 'bananaa@wit.edu', '617-123-0011', 'Boston', 'MA', 2224);
INSERT INTO `person` VALUES (210590017, 'Jenny', 'Austin', 'bananaa@wit.edu', '617-586-123', 'South_End', 'MA', 2224);
INSERT INTO `person` VALUES (210590018, 'Padilla', 'Lane', 'Aubrey@wit.edu', '617-896-9820', 'Dorchester', 'MA', 2224);
INSERT INTO `person` VALUES (210590019, 'Dick', 'Aubrey', 'bananaa@wit.edu', '617-123-9820', 'Boston', 'MA', 2224);
INSERT INTO `person` VALUES (210590020, 'Jimmy', 'Padilla', 'Aubrey@wit.edu', '617-896-0011', 'Boston', 'MA', 2224);
INSERT INTO `person` VALUES (210590021, 'Johnny', 'Sandoval', 'bananaa@wit.edu', '617-123-8293', 'Boston', 'MA', 2224);
INSERT INTO `person` VALUES (210590022, 'Griffith', 'Padilla', 'Aubrey@wit.edu', '617-586-9820', 'Dorchester', 'MA', 2224);
INSERT INTO `person` VALUES (210590023, 'Johnny', 'Austin', 'Eloise@wit.edu', '617-586-0011', 'Boston', 'MA', 2224);
INSERT INTO `person` VALUES (210590024, 'Jimmy', 'Aubrey', 'Padilla@wit.edu', '617-896-9820', 'Boston', 'MA', 2224);
INSERT INTO `person` VALUES (210590025, 'Jenny', 'Conner', 'Aubrey@wit.edu', '617-586-8293', 'South_End', 'MA', 2224);
INSERT INTO `person` VALUES (210590026, 'Felix', 'Rudolph', 'bananaa@wit.edu', '617-123-0011', 'Boston', 'MA', 2224);
INSERT INTO `person` VALUES (210590027, 'Padilla', 'Tasha', 'bananaa@wit.edu', '617-290-123', 'Boston', 'MA', 2224);
INSERT INTO `person` VALUES (210590028, 'Raymonds', 'Meyer', 'Padilla@wit.edu', '617-586-0011', 'Boston', 'MA', 2224);
INSERT INTO `person` VALUES (210590029, 'Benson', 'Padilla', 'bananaa@wit.edu', '617-123-0011', 'South_End', 'MA', 2224);
INSERT INTO `person` VALUES (210590030, 'Lyons', 'Norman', 'Eloise@wit.edu', '617-586-0011', 'Boston', 'MA', 2224);
INSERT INTO `person` VALUES (210590031, 'Thornton', 'Castillo', 'Eloise@wit.edu', '617-586-123', 'Boston', 'MA', 2224);
INSERT INTO `person` VALUES (210590032, 'Johnny', 'Norman', 'bananaa@wit.edu', '617-123-0011', 'South_End', 'MA', 2224);
INSERT INTO `person` VALUES (210590033, 'Thornton', 'Rudolph', 'bananaa@wit.edu', '617-290-1235', 'Boston', 'MA', 2224);
INSERT INTO `person` VALUES (210590034, 'Garrett', 'Corey', 'bananaa@wit.edu', '617-586-1233', 'South_End', 'MA', 2224);
INSERT INTO `person` VALUES (210590035, 'Johnny', 'Tasha', 'bananaa@wit.edu', '617-123-0011', 'Boston', 'MA', 2224);
INSERT INTO `person` VALUES (210590036, 'Maria', 'Sanchez', 'bananaa@wit.edu', '617-586-9820', 'South_End', 'MA', 2224);
INSERT INTO `person` VALUES (210590037, 'Sanchez', 'Corey', 'Thornton@wit.edu', '617-290-0011', 'Boston', 'MA', 2224);
INSERT INTO `person` VALUES (210590038, 'Meyer', 'Castillo', 'Padilla@wit.edu', '617-123-1235', 'Dorchester', 'MA', 2224);
INSERT INTO `person` VALUES (210590039, 'Padilla', 'Monica', 'bananaa@wit.edu', '617-586-9820', 'Dorchester', 'MA', 2224);
INSERT INTO `person` VALUES (210590040, 'Felipe', 'Benson', 'Felipe@wit.edu', '617-586-0011', 'Boston', 'MA', 2224);
INSERT INTO `person` VALUES (210590041, 'Eloise', 'Garrett', 'Thornton@wit.edu', '617-586-1233', 'Boston', 'MA', 2224);
INSERT INTO `person` VALUES (210590042, 'Rudolph', 'Norman', 'Lucia@wit.edu', '617-586-9820', 'Boston', 'MA', 2224);
INSERT INTO `person` VALUES (210590043, 'Monica', 'Thornton', 'bananaa@wit.edu', '617-123-0011', 'Dorchester', 'MA', 2224);
INSERT INTO `person` VALUES (210590044, 'Sanchez', 'Rudolph', 'bananaa@wit.edu', '617-586-9820', 'South_End', 'MA', 2224);
INSERT INTO `person` VALUES (210590045, 'Johnny', 'Meyer', 'Lucia@wit.edu', '617-896-0011', 'Boston', 'MA', 2224);
INSERT INTO `person` VALUES (210590046, 'Raymonds', 'Tasha', 'Antonio@wit.edu', '617-586-0011', 'Roxbury', 'MA', 2224);
INSERT INTO `person` VALUES (210590047, 'Padilla', 'Felipe', 'Padilla@wit.edu', '617-896-9820', 'Boston', 'MA', 2224);
INSERT INTO `person` VALUES (210590048, 'Thornton', 'Benson', 'Thornton@wit.edu', '617-123-1235', 'South_End', 'MA', 2224);
INSERT INTO `person` VALUES (210590049, 'Julius', 'Castillo', 'bananaa@wit.edu', '617-586-0011', 'Boston', 'MA', 2224);
INSERT INTO `person` VALUES (210590050, 'Garrett', 'Monica', 'Felipe@wit.edu', '617-586-0324', 'Boston', 'MA', 2224);
INSERT INTO `person` VALUES (210590051, 'Mark', 'Harriet', 'Padilla@wit.edu', '617-586-0011', 'South_End', 'MA', 2224);
INSERT INTO `person` VALUES (210590052, 'Eloise', 'Rudolph', 'Antonio@wit.edu', '617-586-1235', 'Boston', 'MA', 2224);
INSERT INTO `person` VALUES (210590053, 'Raymonds Maria', 'Silva', 'bananaa@wit.edu', '617-586-1233', 'Roxbury', 'MA', 2224);
INSERT INTO `person` VALUES (210590054, 'Jamie', 'Lucia', 'bananaa@wit.edu', '617-123-0011', 'Boston', 'MA', 2224);
INSERT INTO `person` VALUES (210590055, 'Thornton', 'Mcdonald', 'Antonio@wit.edu', '617-290-1235', 'Dorchester', 'MA', 2224);
INSERT INTO `person` VALUES (210590056, 'Harriet', 'Shannon', 'Felipe@wit.edu', '617-586-0324', 'Dorchester', 'MA', 2224);
INSERT INTO `person` VALUES (210590057, 'Minnie', 'Cobb', 'bananaa@wit.edu', '617-586-0011', 'Boston', 'MA', 2224);
INSERT INTO `person` VALUES (210590058, 'Harriet', 'Rudolph', 'bananaa@wit.edu', '617-123-0324', 'South_End', 'MA', 2224);
INSERT INTO `person` VALUES (210590059, 'Jimmy', 'Felix', 'Lucia@wit.edu', '617-586-0011', 'Newton', 'MA', 2224);
INSERT INTO `person` VALUES (210590060, 'Neal', 'Mack', 'Thornton@wit.edu', '617-896-1233', 'Boston', 'MA', 2224);
INSERT INTO `person` VALUES (210590061, 'Lucia', 'Jamie', 'bananaa@wit.edu', '617-586-1235', 'Dorchester', 'MA', 2224);
INSERT INTO `person` VALUES (210590062, 'Minnie', 'Felipe', 'Thornton@wit.edu', '617-896-0011', 'Boston', 'MA', 2224);
INSERT INTO `person` VALUES (210590063, 'Silva', 'Felix', 'bananaa@wit.edu', '617-586-9820', 'Boston', 'MA', 2224);
INSERT INTO `person` VALUES (210590064, 'Thornton', 'Jamie', 'bananaa@wit.edu', '617-586-0011', 'South_End', 'MA', 2224);
INSERT INTO `person` VALUES (210590065, 'Harriet', 'Michele', 'bananaa@wit.edu', '617-896-0324', 'Boston', 'MA', 2224);
INSERT INTO `person` VALUES (210590066, 'Maria', 'Harriet', 'Lucia@wit.edu', '617-586-9820', 'Boston', 'MA', 2224);
INSERT INTO `person` VALUES (210590067, 'Monica', 'Castillo', 'bananaa@wit.edu', '617-123-0011', 'Boston', 'MA', 2224);
INSERT INTO `person` VALUES (210590068, 'Lyons', 'Mcdonald', 'bananaa@wit.edu', '617-586-0011', 'Dorchester', 'MA', 2224);
INSERT INTO `person` VALUES (210590069, 'Thornton', 'Cobb', 'Lucia@wit.edu', '617-123-0011', 'Boston', 'MA', 2224);
INSERT INTO `person` VALUES (210590070, 'Felipe', 'Michele', 'Todd@wit.edu', '617-586-0011', 'Boston', 'MA', 2224);
INSERT INTO `person` VALUES (210590071, 'Minnie', 'Harriet', 'Thornton@wit.edu', '617-586-0324', 'Newton', 'MA', 2224);
INSERT INTO `person` VALUES (210590072, 'Antonio', 'Banana', 'Antonio@wit.edu', '617-586-1235', 'Dorchester', 'MA', 2224);
INSERT INTO `person` VALUES (210590073, 'Monica', 'Harriet', 'bananaa@wit.edu', '617-123-0011', 'Boston', 'MA', 2224);
INSERT INTO `person` VALUES (210590074, 'Silva', 'Rudolph', 'Thornton@wit.edu', '617-586-1235', 'South_End', 'MA', 2224);
INSERT INTO `person` VALUES (210590075, 'Minnie', 'Harriet', 'Antonio@wit.edu', '617-586-9820', 'Boston', 'MA', 2224);
INSERT INTO `person` VALUES (210590076, 'Thornton', 'Pena', 'Thornton@wit.edu', '617-896-0324', 'South_End', 'MA', 2224);
INSERT INTO `person` VALUES (210590077, 'Castillo', 'Minnie', 'bananaa@wit.edu', '617-896-0011', 'Boston', 'MA', 2224);
INSERT INTO `person` VALUES (210590078, 'Raymonds', 'Shannon', 'bananaa@wit.edu', '617-586-0324', 'Roxbury', 'MA', 2224);
INSERT INTO `person` VALUES (210590079, 'Pena', 'Ernesto', 'bananaa@wit.edu', '617-586-9820', 'Boston', 'MA', 2224);
INSERT INTO `person` VALUES (210590080, 'Ernesto', 'Todd', 'Lucia@wit.edu', '617-586-0011', 'Boston', 'MA', 2224);
INSERT INTO `person` VALUES (210590081, 'Lucia', 'Mack', 'bananaa@wit.edu', '617-896-0011', 'South_End', 'MA', 2224);
INSERT INTO `person` VALUES (210590082, 'Michele', 'Todd', 'Lucia@wit.edu', '617-123-0324', 'Boston', 'MA', 2224);
INSERT INTO `person` VALUES (210590083, 'Antonio', 'Cobb', 'bananaa@wit.edu', '617-586-0011', 'Boston', 'MA', 2224);
INSERT INTO `person` VALUES (210590084, 'Shannon', 'Michele', 'bananaa@wit.edu', '617-896-0324', 'Dorchester', 'MA', 2224);
INSERT INTO `person` VALUES (210590085, 'Mark', 'Neal', 'bananaa@wit.edu', '617-586-1235', 'Boston', 'MA', 2224);
INSERT INTO `person` VALUES (210590086, 'Felix', 'Antonio', 'Lucia@wit.edu', '617-586-9820', 'Roxbury', 'MA', 2224);
INSERT INTO `person` VALUES (210590087, 'Sam', 'Rudolph', 'bananaa@wit.edu', '617-586-9820', 'Boston', 'MA', 2224);
INSERT INTO `person` VALUES (210590088, 'Felix', 'Banana', 'bananaa@wit.edu', '617-123-0011', 'South_End', 'MA', 2224);
INSERT INTO `person` VALUES (210590089, 'Lucia', 'Michele', 'Lucia@wit.edu', '617-586-1235', 'Boston', 'MA', 2224);
INSERT INTO `person` VALUES (210590090, 'Sam', 'Michele', 'bananaa@wit.edu', '617-586-0011', 'Boston', 'MA', 2224);
INSERT INTO `person` VALUES (245500001, 'Wesley', 'Cai', 'caiw@wit.edu', '617-586-0001', 'Boston', 'MA', 2124);
INSERT INTO `person` VALUES (245500002, 'Schyler', 'Weiss', 'weisss@wit.edu', '617-802-0002', 'Boston', 'MA', 2122);
INSERT INTO `person` VALUES (245500003, 'James', 'Davids', 'davidsj@wit.edu', '617-586-0003', 'Boston', 'MA', 2121);
INSERT INTO `person` VALUES (245500004, 'Benson', 'Will', 'willm@wit.edu', '617-586-0004', 'South_End', 'MA', 2111);
INSERT INTO `person` VALUES (245500005, 'Carol', 'Man', 'manc@wit.edu', '617-802-0005', 'Boston', 'MA', 2104);
INSERT INTO `person` VALUES (245500006, 'Dick', 'Mike', 'miked@wit.edu', '617-586-0006', 'Newton', 'MA', 2124);
INSERT INTO `person` VALUES (245500007, 'John', 'Haga', 'hagaj@wit.edu', '617-802-0007', 'South_End', 'MA', 2134);
INSERT INTO `person` VALUES (245500008, 'Nate', 'Brian', 'briann@wit.edu', '617-586-0008', 'Boston', 'MA', 2114);
INSERT INTO `person` VALUES (245500009, 'Anderson', 'Wu', 'wur@wit.edu', '617-586-0008', 'Newton', 'MA', 2224);
INSERT INTO `person` VALUES (245500010, 'Patterson', 'Hathaway', 'hathawaya@wit.edu', '617-586-0009', 'Boston', 'MA', 2125);
INSERT INTO `person` VALUES (245500011, 'Aubrey', 'Garry', 'rachele@wit.edu', '617-802-0010', 'Newton', 'MA', 2127);
INSERT INTO `person` VALUES (245500012, 'Eloise', 'Sam', 'rachele@wit.edu', '617-586-0010', 'Boston', 'MA', 2127);
INSERT INTO `person` VALUES (245500013, 'Patterson', 'Robin', 'Leah@wit.edu', '617-802-0993', 'Newton', 'MA', 2127);
INSERT INTO `person` VALUES (245500014, 'Mike', 'Sam', 'rachele@wit.edu', '617-586-0010', 'Newton', 'MA', 2127);
INSERT INTO `person` VALUES (245500015, 'Bradford', 'Haga', 'rachele@wit.edu', '617-234-0010', 'Newton', 'MA', 2127);
INSERT INTO `person` VALUES (245500016, 'Julian', 'Frances', 'rachele@wit.edu', '617-586-0010', 'Boston', 'MA', 2127);
INSERT INTO `person` VALUES (245500017, 'John', 'Bradford', 'Aubrey@wit.edu', '617-586-0010', 'Newton', 'MA', 2127);
INSERT INTO `person` VALUES (245500018, 'Anderson', 'Gray', 'rachele@wit.edu', '617-234-0010', 'South_End', 'MA', 2127);
INSERT INTO `person` VALUES (245500019, 'Aubrey', 'Benson', 'Frances@wit.edu', '617-586-0010', 'Boston', 'MA', 2127);
INSERT INTO `person` VALUES (245500020, 'Dick', 'Bradford', 'rachele@wit.edu', '617-123-0993', 'Newton', 'MA', 2127);
INSERT INTO `person` VALUES (245500021, 'Mike', 'John', 'rachele@wit.edu', '617-802-0010', 'Newton', 'MA', 2127);
INSERT INTO `person` VALUES (245500022, 'Pedro', 'Julian', 'rachele@wit.edu', '617-586-0010', 'South_End', 'MA', 2127);
INSERT INTO `person` VALUES (245500023, 'Felix', 'Wesley', 'rachele@wit.edu', '617-234-0010', 'Newton', 'MA', 2127);
INSERT INTO `person` VALUES (245500024, 'Eloise', 'Benson', 'rachele@wit.edu', '617-586-0010', 'Newton', 'MA', 2127);
INSERT INTO `person` VALUES (245500025, 'Elias', 'Haga', 'rachele@wit.edu', '617-586-0010', 'Boston', 'MA', 2127);
INSERT INTO `person` VALUES (245500026, 'Mike', 'Rachel', 'rachele@wit.edu', '617-586-0010', 'South_End', 'MA', 2127);
INSERT INTO `person` VALUES (245500027, 'Thornton', 'Eloise', 'Leah@wit.edu', '617-123-0010', 'Newton', 'MA', 2127);
INSERT INTO `person` VALUES (245500028, 'Dick', 'John', 'Frances@wit.edu', '617-802-0010', 'South_End', 'MA', 2127);
INSERT INTO `person` VALUES (245500029, 'John', 'Mullins', 'rachele@wit.edu', '617-586-0010', 'Newton', 'MA', 2127);
INSERT INTO `person` VALUES (245500030, 'Pedro', 'Robin', 'rachele@wit.edu', '617-123-0010', 'Newton', 'MA', 2127);
INSERT INTO `person` VALUES (245500031, 'Wesley', 'Jacobs', 'rachele@wit.edu', '617-586-0010', 'Newton', 'MA', 2127);
INSERT INTO `person` VALUES (245500032, 'Todd', 'Elias', 'rachele@wit.edu', '617-586-0010', 'Newton', 'MA', 2127);
INSERT INTO `person` VALUES (245500033, 'Mike', 'Farmer', 'rachele@wit.edu', '617-802-0010', 'Newton', 'MA', 2127);
INSERT INTO `person` VALUES (245500034, 'Thornton', 'Haga', 'Leah@wit.edu', '617-586-0010', 'Newton', 'MA', 2127);
INSERT INTO `person` VALUES (245500035, 'Dick', 'Rachel', 'rachele@wit.edu', '617-586-0993', 'Newton', 'MA', 2127);
INSERT INTO `person` VALUES (245500036, 'Melvin', 'Thornton', 'rachele@wit.edu', '617-586-0010', 'Newton', 'MA', 2127);
INSERT INTO `person` VALUES (245500037, 'Felix', 'Todd', 'rachele@wit.edu', '617-234-0010', 'Newton', 'MA', 2127);
INSERT INTO `person` VALUES (245500038, 'Emma', 'Elias', 'Leah@wit.edu', '617-586-0010', 'Newton', 'MA', 2127);
INSERT INTO `person` VALUES (245500039, 'Aubrey', 'Pedro', 'Frances@wit.edu', '617-586-8293', 'Newton', 'MA', 2127);
INSERT INTO `person` VALUES (245500040, 'Eloise', 'Rachel', 'rachele@wit.edu', '617-234-0993', 'Newton', 'MA', 2127);
INSERT INTO `person` VALUES (245500041, 'Melvin', 'Pedro', 'rachele@wit.edu', '617-586-0010', 'Boston', 'MA', 2127);
INSERT INTO `person` VALUES (245500042, 'Jimmy', 'Wilson', 'Leah3@wit.edu', '617-802-0010', 'Newton', 'MA', 2127);
INSERT INTO `person` VALUES (245500043, 'Todd', 'Felix', 'Pierce@wit.edu', '617-586-8293', 'South_End', 'MA', 2127);
INSERT INTO `person` VALUES (245500044, 'Dick', 'Melvin', 'Micheal@wit.edu', '617-586-0010', 'Newton', 'MA', 2127);
INSERT INTO `person` VALUES (245500045, 'Mike', 'Gomez', 'rachele@wit.edu', '617-802-0010', 'Newton', 'MA', 2127);
INSERT INTO `person` VALUES (245500046, 'Wesley', 'Todd', 'rachele@wit.edu', '617-586-0010', 'Boston', 'MA', 2127);
INSERT INTO `person` VALUES (245500047, 'Becky', 'Micheal', 'Micheal@wit.edu', '617-234-0010', 'Newton', 'MA', 2127);
INSERT INTO `person` VALUES (245500048, 'Emma', 'Aubrey', 'rachele@wit.edu', '617-586-0010', 'Newton', 'MA', 2127);
INSERT INTO `person` VALUES (245500049, 'Tyler', 'Rachel', 'Pierce@wit.edu', '617-586-0993', 'Newton', 'MA', 2127);
INSERT INTO `person` VALUES (245500050, 'Micheal', 'Anthony', 'rachele@wit.edu', '617-234-8293', 'Newton', 'MA', 2127);
INSERT INTO `person` VALUES (541970051, 'Tyler', 'Gomez', 'Leah@wit.edu', '617-586-8293', 'Newton', 'MA', 2127);
INSERT INTO `person` VALUES (541970052, 'Mike', 'Becky', 'Micheal@wit.edu', '617-586-0010', 'Newton', 'MA', 2127);
INSERT INTO `person` VALUES (541970053, 'Aubrey', 'Melvin', 'rachele@wit.edu', '617-586-0993', 'Newton', 'MA', 2127);
INSERT INTO `person` VALUES (541970054, 'Todd', 'Rachel', 'Leah@wit.edu', '617-802-0010', 'Newton', 'MA', 2127);
INSERT INTO `person` VALUES (541970055, 'Jimmy', 'Becky', 'rachele@wit.edu', '617-586-0010', 'Newton', 'MA', 2127);
INSERT INTO `person` VALUES (541970056, 'Wilson', 'Anthony', 'King@wit.edu', '617-586-0010', 'South_End', 'MA', 2127);
INSERT INTO `person` VALUES (541970057, 'Felix', 'Gomez', 'rachele@wit.edu', '617-586-0010', 'Newton', 'MA', 2127);
INSERT INTO `person` VALUES (541970058, 'Wilson', 'Wesley', 'Pierce@wit.edu', '617-586-0010', 'Boston', 'MA', 2127);
INSERT INTO `person` VALUES (541970059, 'John', 'Conner', 'rachele@wit.edu', '617-586-8293', 'South_End', 'MA', 2127);
INSERT INTO `person` VALUES (541970060, 'Micheal', 'Gomez', 'rachele@wit.edu', '617-234-0993', 'Newton', 'MA', 2127);
INSERT INTO `person` VALUES (541970061, 'Aubrey', 'Sandoval', 'Pierce@wit.edu', '617-802-8293', 'Newton', 'MA', 2127);
INSERT INTO `person` VALUES (541970062, 'Emma', 'Wilson', 'rachele@wit.edu', '617-234-0010', 'Newton', 'MA', 2127);
INSERT INTO `person` VALUES (541970063, 'Erick', 'Mike', 'rachele@wit.edu', '617-586-0010', 'Boston', 'MA', 2127);
INSERT INTO `person` VALUES (541970064, 'Eloise', 'Anthony', 'rachele@wit.edu', '617-586-0010', 'Newton', 'MA', 2127);
INSERT INTO `person` VALUES (541970065, 'Anthony', 'Rachel', 'Pierce@wit.edu', '617-586-0010', 'Newton', 'MA', 2127);
INSERT INTO `person` VALUES (541970066, 'Conner', 'Moore', 'raKingchele@wit.edu', '617-586-0010', 'Newton', 'MA', 2127);
INSERT INTO `person` VALUES (541970067, 'Felix', 'Mullins', 'rachele@wit.edu', '617-586-0010', 'Boston', 'MA', 2127);
INSERT INTO `person` VALUES (541970068, 'Micheal', 'John', 'Pierce@wit.edu', '617-802-0010', 'Newton', 'MA', 2127);
INSERT INTO `person` VALUES (541970069, 'Sandoval', 'Wilson', 'Micheal@wit.edu', '617-802-0010', 'South_End', 'MA', 2127);
INSERT INTO `person` VALUES (541970070, 'Aubrey', 'Mullins', 'rachele@wit.edu', '617-234-0010', 'Boston', 'MA', 2127);
INSERT INTO `person` VALUES (541970071, 'Eloise', 'Anthony', 'rachele@wit.edu', '617-586-8293', 'Newton', 'MA', 2127);
INSERT INTO `person` VALUES (541970072, 'Felix', 'Mike', 'rachele@wit.edu', '617-586-0010', 'Boston', 'MA', 2127);
INSERT INTO `person` VALUES (541970073, 'Todd', 'Rachel', 'King@wit.edu', '617-586-8293', 'Newton', 'MA', 2127);
INSERT INTO `person` VALUES (541970074, 'Tyler', 'Anthony', 'rachele@wit.edu', '617-586-0010', 'Newton', 'MA', 2127);
INSERT INTO `person` VALUES (541970075, 'John', 'Sandoval', 'King@wit.edu', '617-586-0010', 'South_End', 'MA', 2127);
INSERT INTO `person` VALUES (541970076, 'Audrey', 'Sandoval', 'Pierce@wit.edu', '617-586-8293', 'Boston', 'MA', 2127);
INSERT INTO `person` VALUES (541970077, 'Felix', 'Rachel', 'rachele@wit.edu', '617-586-0010', 'Newton', 'MA', 2127);
INSERT INTO `person` VALUES (541970078, 'Banks', 'Mike', 'Micheal@wit.edu', '617-586-0010', 'Newton', 'MA', 2127);
INSERT INTO `person` VALUES (541970079, 'Todd Sheldon', 'Edith', 'rachele@wit.edu', '617-586-0010', 'Newton', 'MA', 2127);
INSERT INTO `person` VALUES (541970080, 'Tyler', 'Edith', 'King@wit.edu', '617-586-0010', 'South_End', 'MA', 2127);
INSERT INTO `person` VALUES (927150001, 'Bill', 'Garrett', 'willb@wit.edu', '617-586-0017', 'Roxbury', 'MA', 2127);
INSERT INTO `person` VALUES (927150002, 'Katy', 'Perry', 'perryk@wit.edu', '617-586-0018', 'Boston', 'MA', 2127);
INSERT INTO `person` VALUES (927150003, 'Rodgers', 'Sheldon', 'willb@wit.edu', '617-123-0017', 'Boston', 'MA', 2127);
INSERT INTO `person` VALUES (927150004, 'Mark', 'Norman', 'willb@wit.edu', '617-586-0017', 'Boston', 'MA', 2127);
INSERT INTO `person` VALUES (927150005, 'Sunny', 'Sheldon', 'willb@wit.edu', '617-586-0017', 'Roxbury', 'MA', 2127);
INSERT INTO `person` VALUES (927150006, 'Marsha', 'Rudolph', 'willb@wit.edu', '617-586-0017', 'Boston', 'MA', 2127);
INSERT INTO `person` VALUES (927150007, 'Norman', 'Charles', 'Antonio@wit.edu', '617-234-9820', 'South_End', 'MA', 2127);
INSERT INTO `person` VALUES (927150008, 'Antonio', 'Marsha', 'willb@wit.edu', '617-586-0324', 'Boston', 'MA', 2127);
INSERT INTO `person` VALUES (927150009, 'Rudolph', 'Garrett', 'willb@wit.edu', '617-586-0017', 'Dorchester', 'MA', 2127);
INSERT INTO `person` VALUES (927150010, 'Charles', 'Powers', 'willb@wit.edu', '617-234-0324', 'Boston', 'MA', 2127);
INSERT INTO `person` VALUES (927150011, 'Marsha', 'Norman', 'willb@wit.edu', '617-586-0017', 'Roxbury', 'MA', 2127);
INSERT INTO `person` VALUES (927150012, 'Mark', 'Ismael', 'Antonio@wit.edu', '617-123-0017', 'Boston', 'MA', 2127);
INSERT INTO `person` VALUES (927150013, 'Michele', 'Garrett', 'willb@wit.edu', '617-123-0111', 'Dorchester', 'MA', 2127);
INSERT INTO `person` VALUES (927150014, 'Rudolph', 'Parsons', 'willb@wit.edu', '617-586-0017', 'Boston', 'MA', 2127);
INSERT INTO `person` VALUES (927150015, 'Sheldon', 'Washington', 'willb@wit.edu', '617-586-0017', 'Boston', 'MA', 2127);
INSERT INTO `person` VALUES (927150016, 'Jimmy', 'Larson', 'willb@wit.edu', '617-234-0017', 'South_End', 'MA', 2127);
INSERT INTO `person` VALUES (927150017, 'Parsons', 'Charles', 'willb@wit.edu', '617-586-0324', 'Roxbury', 'MA', 2127);
INSERT INTO `person` VALUES (927150018, 'Ismael', 'Antonio', 'Antonio@wit.edu', '617-234-0017', 'Boston', 'MA', 2127);
INSERT INTO `person` VALUES (927150019, 'Marsha', 'Lewis', 'willb@wit.edu', '617-123-0017', 'Dorchester', 'MA', 2127);
INSERT INTO `person` VALUES (927150020, 'Erick', 'Rudolph', 'willb@wit.edu', '617-234-0324', 'Boston', 'MA', 2127);
INSERT INTO `person` VALUES (927150021, 'Felix', 'Lewis', 'willb@wit.edu', '617-586-9820', 'Roxbury', 'MA', 2127);
INSERT INTO `person` VALUES (927150022, 'Charles', 'Felix', 'willb@wit.edu', '617-234-0017', 'South_End', 'MA', 2127);
INSERT INTO `person` VALUES (927150023, 'Larson', 'Monica', 'willb@wit.edu', '617-586-0324', 'Boston', 'MA', 2127);
INSERT INTO `person` VALUES (927150024, 'Marsha', 'Jacobs', 'Antonio@wit.edu', '617-586-0017', 'Dorchester', 'MA', 2127);
INSERT INTO `person` VALUES (927150025, 'Monica', 'Jacobs', 'willb@wit.edu', '617-586-0324', 'Boston', 'MA', 2127);
INSERT INTO `person` VALUES (927150026, 'Erick', 'Lewis', 'willb@wit.edu', '617-123-0017', 'Boston', 'MA', 2127);
INSERT INTO `person` VALUES (927150027, 'Freeman', 'Will', 'willb@wit.edu', '617-586-9820', 'Roxbury', 'MA', 2127);
INSERT INTO `person` VALUES (927150028, 'Pena', 'Larson', 'Antonio@wit.edu', '617-123-0017', 'Dorchester', 'MA', 2127);
INSERT INTO `person` VALUES (927150029, 'Rodriquez', 'Will', 'willb@wit.edu', '617-234-0117', 'Boston', 'MA', 2127);
INSERT INTO `person` VALUES (927150030, 'Payne', 'Lewis', 'perryk@wit.edu', '617-586-0018', 'Boston', 'MA', 2127);

-- --------------------------------------------------------

-- 
-- Table structure for table `platform`
-- 

CREATE TABLE `platform` (
  `p_id` int(11) NOT NULL,
  `p_name` varchar(20) DEFAULT NULL,
  `comp_id` int(11) DEFAULT NULL,
  PRIMARY KEY (`p_id`)
) ENGINE=InnoDB DEFAULT CHARSET=latin1;

-- 
-- Dumping data for table `platform`
-- 

INSERT INTO `platform` VALUES (1, 'Window', 9);
INSERT INTO `platform` VALUES (2, 'Mac OS', 11);
INSERT INTO `platform` VALUES (3, 'IOS', 11);
INSERT INTO `platform` VALUES (4, 'Android', 12);
INSERT INTO `platform` VALUES (5, 'PSP', 5);
INSERT INTO `platform` VALUES (6, 'PS', 5);
INSERT INTO `platform` VALUES (7, 'Wii', 8);
INSERT INTO `platform` VALUES (8, 'WiiU', 8);
INSERT INTO `platform` VALUES (9, 'Game Cube', 8);
INSERT INTO `platform` VALUES (10, 'XBox', 9);

-- --------------------------------------------------------

-- 
-- Table structure for table `work_on_team`
-- 

CREATE TABLE `work_on_team` (
  `gp_id` int(11) NOT NULL DEFAULT '0',
  `t_id` int(11) NOT NULL DEFAULT '0',
  `e_ssn` int(11) NOT NULL DEFAULT '0',
  PRIMARY KEY (`gp_id`,`t_id`,`e_ssn`),
  KEY `t_id` (`t_id`)
) ENGINE=InnoDB DEFAULT CHARSET=latin1;

-- 
-- Dumping data for table `work_on_team`
-- 

INSERT INTO `work_on_team` VALUES (1, 1, 245500003);
INSERT INTO `work_on_team` VALUES (1, 1, 245500004);
INSERT INTO `work_on_team` VALUES (1, 1, 245500012);
INSERT INTO `work_on_team` VALUES (1, 1, 245500015);
INSERT INTO `work_on_team` VALUES (1, 1, 245500022);
INSERT INTO `work_on_team` VALUES (1, 1, 245500037);
INSERT INTO `work_on_team` VALUES (1, 1, 245500041);
INSERT INTO `work_on_team` VALUES (1, 1, 245500042);
INSERT INTO `work_on_team` VALUES (1, 1, 245500044);
INSERT INTO `work_on_team` VALUES (1, 1, 541970058);
INSERT INTO `work_on_team` VALUES (1, 1, 541970062);
INSERT INTO `work_on_team` VALUES (1, 1, 541970064);
INSERT INTO `work_on_team` VALUES (1, 1, 541970077);
INSERT INTO `work_on_team` VALUES (2, 1, 245500004);
INSERT INTO `work_on_team` VALUES (2, 1, 245500005);
INSERT INTO `work_on_team` VALUES (2, 1, 245500040);
INSERT INTO `work_on_team` VALUES (2, 1, 245500045);
INSERT INTO `work_on_team` VALUES (2, 1, 541970054);
INSERT INTO `work_on_team` VALUES (2, 1, 541970078);
INSERT INTO `work_on_team` VALUES (3, 1, 245500010);
INSERT INTO `work_on_team` VALUES (3, 1, 245500019);
INSERT INTO `work_on_team` VALUES (3, 1, 245500043);
INSERT INTO `work_on_team` VALUES (3, 1, 541970073);
INSERT INTO `work_on_team` VALUES (3, 1, 541970074);
INSERT INTO `work_on_team` VALUES (4, 1, 245500005);
INSERT INTO `work_on_team` VALUES (4, 1, 245500007);
INSERT INTO `work_on_team` VALUES (4, 1, 245500009);
INSERT INTO `work_on_team` VALUES (4, 1, 245500012);
INSERT INTO `work_on_team` VALUES (4, 1, 245500014);
INSERT INTO `work_on_team` VALUES (4, 1, 245500016);
INSERT INTO `work_on_team` VALUES (4, 1, 245500038);
INSERT INTO `work_on_team` VALUES (4, 1, 541970051);
INSERT INTO `work_on_team` VALUES (4, 1, 541970059);
INSERT INTO `work_on_team` VALUES (4, 1, 541970075);
INSERT INTO `work_on_team` VALUES (4, 1, 541970080);
INSERT INTO `work_on_team` VALUES (5, 1, 245500009);
INSERT INTO `work_on_team` VALUES (5, 1, 245500017);
INSERT INTO `work_on_team` VALUES (5, 1, 245500041);
INSERT INTO `work_on_team` VALUES (5, 1, 245500043);
INSERT INTO `work_on_team` VALUES (5, 1, 245500050);
INSERT INTO `work_on_team` VALUES (6, 1, 245500002);
INSERT INTO `work_on_team` VALUES (6, 1, 245500007);
INSERT INTO `work_on_team` VALUES (6, 1, 245500013);
INSERT INTO `work_on_team` VALUES (6, 1, 245500014);
INSERT INTO `work_on_team` VALUES (6, 1, 245500015);
INSERT INTO `work_on_team` VALUES (6, 1, 245500031);
INSERT INTO `work_on_team` VALUES (6, 1, 245500032);
INSERT INTO `work_on_team` VALUES (6, 1, 245500033);
INSERT INTO `work_on_team` VALUES (6, 1, 245500048);
INSERT INTO `work_on_team` VALUES (6, 1, 541970065);
INSERT INTO `work_on_team` VALUES (6, 1, 541970070);
INSERT INTO `work_on_team` VALUES (6, 1, 541970071);
INSERT INTO `work_on_team` VALUES (6, 1, 541970072);
INSERT INTO `work_on_team` VALUES (6, 1, 541970077);
INSERT INTO `work_on_team` VALUES (7, 1, 245500004);
INSERT INTO `work_on_team` VALUES (7, 1, 245500010);
INSERT INTO `work_on_team` VALUES (7, 1, 245500016);
INSERT INTO `work_on_team` VALUES (7, 1, 245500018);
INSERT INTO `work_on_team` VALUES (7, 1, 245500019);
INSERT INTO `work_on_team` VALUES (7, 1, 245500022);
INSERT INTO `work_on_team` VALUES (7, 1, 245500023);
INSERT INTO `work_on_team` VALUES (7, 1, 245500031);
INSERT INTO `work_on_team` VALUES (7, 1, 245500036);
INSERT INTO `work_on_team` VALUES (7, 1, 541970051);
INSERT INTO `work_on_team` VALUES (7, 1, 541970059);
INSERT INTO `work_on_team` VALUES (7, 1, 541970060);
INSERT INTO `work_on_team` VALUES (7, 1, 541970068);
INSERT INTO `work_on_team` VALUES (7, 1, 541970069);
INSERT INTO `work_on_team` VALUES (7, 1, 541970074);
INSERT INTO `work_on_team` VALUES (8, 1, 245500002);
INSERT INTO `work_on_team` VALUES (8, 1, 245500008);
INSERT INTO `work_on_team` VALUES (8, 1, 245500010);
INSERT INTO `work_on_team` VALUES (8, 1, 245500018);
INSERT INTO `work_on_team` VALUES (8, 1, 245500029);
INSERT INTO `work_on_team` VALUES (8, 1, 245500044);
INSERT INTO `work_on_team` VALUES (8, 1, 245500047);
INSERT INTO `work_on_team` VALUES (8, 1, 245500048);
INSERT INTO `work_on_team` VALUES (8, 1, 245500049);
INSERT INTO `work_on_team` VALUES (8, 1, 541970051);
INSERT INTO `work_on_team` VALUES (8, 1, 541970052);
INSERT INTO `work_on_team` VALUES (8, 1, 541970064);
INSERT INTO `work_on_team` VALUES (8, 1, 541970067);
INSERT INTO `work_on_team` VALUES (8, 1, 541970076);
INSERT INTO `work_on_team` VALUES (9, 1, 245500002);
INSERT INTO `work_on_team` VALUES (9, 1, 245500008);
INSERT INTO `work_on_team` VALUES (9, 1, 245500019);
INSERT INTO `work_on_team` VALUES (9, 1, 245500022);
INSERT INTO `work_on_team` VALUES (9, 1, 245500024);
INSERT INTO `work_on_team` VALUES (9, 1, 245500031);
INSERT INTO `work_on_team` VALUES (9, 1, 245500032);
INSERT INTO `work_on_team` VALUES (9, 1, 245500033);
INSERT INTO `work_on_team` VALUES (9, 1, 245500043);
INSERT INTO `work_on_team` VALUES (9, 1, 245500046);
INSERT INTO `work_on_team` VALUES (9, 1, 541970056);
INSERT INTO `work_on_team` VALUES (9, 1, 541970063);
INSERT INTO `work_on_team` VALUES (9, 1, 541970074);
INSERT INTO `work_on_team` VALUES (9, 1, 541970075);
INSERT INTO `work_on_team` VALUES (10, 1, 245500009);
INSERT INTO `work_on_team` VALUES (10, 1, 245500016);
INSERT INTO `work_on_team` VALUES (10, 1, 245500024);
INSERT INTO `work_on_team` VALUES (10, 1, 245500028);
INSERT INTO `work_on_team` VALUES (10, 1, 245500034);
INSERT INTO `work_on_team` VALUES (10, 1, 245500036);
INSERT INTO `work_on_team` VALUES (10, 1, 541970053);
INSERT INTO `work_on_team` VALUES (10, 1, 541970057);
INSERT INTO `work_on_team` VALUES (10, 1, 541970072);
INSERT INTO `work_on_team` VALUES (10, 1, 541970075);
INSERT INTO `work_on_team` VALUES (10, 1, 541970078);
INSERT INTO `work_on_team` VALUES (11, 1, 245500015);
INSERT INTO `work_on_team` VALUES (11, 1, 245500024);
INSERT INTO `work_on_team` VALUES (11, 1, 245500026);
INSERT INTO `work_on_team` VALUES (11, 1, 245500030);
INSERT INTO `work_on_team` VALUES (11, 1, 541970057);
INSERT INTO `work_on_team` VALUES (11, 1, 541970066);
INSERT INTO `work_on_team` VALUES (11, 1, 541970070);
INSERT INTO `work_on_team` VALUES (11, 1, 541970076);
INSERT INTO `work_on_team` VALUES (12, 1, 245500004);
INSERT INTO `work_on_team` VALUES (12, 1, 245500031);
INSERT INTO `work_on_team` VALUES (12, 1, 245500032);
INSERT INTO `work_on_team` VALUES (12, 1, 245500037);
INSERT INTO `work_on_team` VALUES (12, 1, 245500040);
INSERT INTO `work_on_team` VALUES (12, 1, 245500041);
INSERT INTO `work_on_team` VALUES (12, 1, 541970055);
INSERT INTO `work_on_team` VALUES (12, 1, 541970057);
INSERT INTO `work_on_team` VALUES (12, 1, 541970061);
INSERT INTO `work_on_team` VALUES (12, 1, 541970066);
INSERT INTO `work_on_team` VALUES (12, 1, 541970070);
INSERT INTO `work_on_team` VALUES (12, 1, 541970072);
INSERT INTO `work_on_team` VALUES (13, 1, 245500002);
INSERT INTO `work_on_team` VALUES (13, 1, 245500011);
INSERT INTO `work_on_team` VALUES (13, 1, 245500027);
INSERT INTO `work_on_team` VALUES (13, 1, 245500028);
INSERT INTO `work_on_team` VALUES (13, 1, 245500029);
INSERT INTO `work_on_team` VALUES (13, 1, 245500037);
INSERT INTO `work_on_team` VALUES (13, 1, 245500050);
INSERT INTO `work_on_team` VALUES (13, 1, 541970059);
INSERT INTO `work_on_team` VALUES (13, 1, 541970060);
INSERT INTO `work_on_team` VALUES (13, 1, 541970063);
INSERT INTO `work_on_team` VALUES (13, 1, 541970067);
INSERT INTO `work_on_team` VALUES (13, 1, 541970069);
INSERT INTO `work_on_team` VALUES (13, 1, 541970076);
INSERT INTO `work_on_team` VALUES (14, 1, 245500007);
INSERT INTO `work_on_team` VALUES (14, 1, 245500010);
INSERT INTO `work_on_team` VALUES (14, 1, 245500011);
INSERT INTO `work_on_team` VALUES (14, 1, 245500014);
INSERT INTO `work_on_team` VALUES (14, 1, 541970062);
INSERT INTO `work_on_team` VALUES (14, 1, 541970064);
INSERT INTO `work_on_team` VALUES (14, 1, 541970077);
INSERT INTO `work_on_team` VALUES (14, 1, 541970078);
INSERT INTO `work_on_team` VALUES (15, 1, 245500003);
INSERT INTO `work_on_team` VALUES (15, 1, 245500012);
INSERT INTO `work_on_team` VALUES (15, 1, 245500037);
INSERT INTO `work_on_team` VALUES (15, 1, 245500042);
INSERT INTO `work_on_team` VALUES (15, 1, 245500044);
INSERT INTO `work_on_team` VALUES (15, 1, 245500049);
INSERT INTO `work_on_team` VALUES (15, 1, 541970065);
INSERT INTO `work_on_team` VALUES (15, 1, 541970070);
INSERT INTO `work_on_team` VALUES (15, 1, 541970073);
INSERT INTO `work_on_team` VALUES (15, 1, 541970078);
INSERT INTO `work_on_team` VALUES (16, 1, 245500011);
INSERT INTO `work_on_team` VALUES (16, 1, 245500015);
INSERT INTO `work_on_team` VALUES (16, 1, 245500024);
INSERT INTO `work_on_team` VALUES (16, 1, 245500026);
INSERT INTO `work_on_team` VALUES (16, 1, 245500032);
INSERT INTO `work_on_team` VALUES (16, 1, 245500035);
INSERT INTO `work_on_team` VALUES (16, 1, 245500041);
INSERT INTO `work_on_team` VALUES (16, 1, 245500043);
INSERT INTO `work_on_team` VALUES (16, 1, 245500044);
INSERT INTO `work_on_team` VALUES (16, 1, 541970056);
INSERT INTO `work_on_team` VALUES (16, 1, 541970059);
INSERT INTO `work_on_team` VALUES (16, 1, 541970062);
INSERT INTO `work_on_team` VALUES (16, 1, 541970068);
INSERT INTO `work_on_team` VALUES (16, 1, 541970069);
INSERT INTO `work_on_team` VALUES (16, 1, 541970080);
INSERT INTO `work_on_team` VALUES (17, 1, 245500011);
INSERT INTO `work_on_team` VALUES (17, 1, 245500013);
INSERT INTO `work_on_team` VALUES (17, 1, 245500016);
INSERT INTO `work_on_team` VALUES (17, 1, 245500025);
INSERT INTO `work_on_team` VALUES (17, 1, 245500037);
INSERT INTO `work_on_team` VALUES (17, 1, 541970054);
INSERT INTO `work_on_team` VALUES (17, 1, 541970058);
INSERT INTO `work_on_team` VALUES (17, 1, 541970059);
INSERT INTO `work_on_team` VALUES (17, 1, 541970062);
INSERT INTO `work_on_team` VALUES (17, 1, 541970069);
INSERT INTO `work_on_team` VALUES (17, 1, 541970073);
INSERT INTO `work_on_team` VALUES (17, 1, 541970074);
INSERT INTO `work_on_team` VALUES (18, 1, 245500001);
INSERT INTO `work_on_team` VALUES (18, 1, 245500002);
INSERT INTO `work_on_team` VALUES (18, 1, 245500003);
INSERT INTO `work_on_team` VALUES (18, 1, 245500004);
INSERT INTO `work_on_team` VALUES (18, 1, 245500026);
INSERT INTO `work_on_team` VALUES (18, 1, 541970059);
INSERT INTO `work_on_team` VALUES (18, 1, 541970066);
INSERT INTO `work_on_team` VALUES (18, 1, 541970080);
INSERT INTO `work_on_team` VALUES (19, 1, 245500005);
INSERT INTO `work_on_team` VALUES (19, 1, 245500017);
INSERT INTO `work_on_team` VALUES (19, 1, 245500021);
INSERT INTO `work_on_team` VALUES (19, 1, 245500033);
INSERT INTO `work_on_team` VALUES (19, 1, 245500043);
INSERT INTO `work_on_team` VALUES (19, 1, 245500049);
INSERT INTO `work_on_team` VALUES (19, 1, 541970057);
INSERT INTO `work_on_team` VALUES (19, 1, 541970058);
INSERT INTO `work_on_team` VALUES (19, 1, 541970061);
INSERT INTO `work_on_team` VALUES (19, 1, 541970062);
INSERT INTO `work_on_team` VALUES (19, 1, 541970065);
INSERT INTO `work_on_team` VALUES (19, 1, 541970067);
INSERT INTO `work_on_team` VALUES (19, 1, 541970068);
INSERT INTO `work_on_team` VALUES (20, 1, 245500003);
INSERT INTO `work_on_team` VALUES (20, 1, 245500008);
INSERT INTO `work_on_team` VALUES (20, 1, 245500013);
INSERT INTO `work_on_team` VALUES (20, 1, 245500017);
INSERT INTO `work_on_team` VALUES (20, 1, 245500033);
INSERT INTO `work_on_team` VALUES (20, 1, 245500039);
INSERT INTO `work_on_team` VALUES (20, 1, 245500042);
INSERT INTO `work_on_team` VALUES (20, 1, 245500048);
INSERT INTO `work_on_team` VALUES (20, 1, 541970053);
INSERT INTO `work_on_team` VALUES (20, 1, 541970054);
INSERT INTO `work_on_team` VALUES (20, 1, 541970056);
INSERT INTO `work_on_team` VALUES (20, 1, 541970078);
INSERT INTO `work_on_team` VALUES (21, 1, 245500007);
INSERT INTO `work_on_team` VALUES (21, 1, 245500017);
INSERT INTO `work_on_team` VALUES (21, 1, 245500018);
INSERT INTO `work_on_team` VALUES (21, 1, 245500027);
INSERT INTO `work_on_team` VALUES (21, 1, 245500029);
INSERT INTO `work_on_team` VALUES (21, 1, 245500035);
INSERT INTO `work_on_team` VALUES (21, 1, 245500041);
INSERT INTO `work_on_team` VALUES (21, 1, 245500042);
INSERT INTO `work_on_team` VALUES (21, 1, 245500047);
INSERT INTO `work_on_team` VALUES (21, 1, 541970070);
INSERT INTO `work_on_team` VALUES (21, 1, 541970078);
INSERT INTO `work_on_team` VALUES (22, 1, 245500003);
INSERT INTO `work_on_team` VALUES (22, 1, 245500009);
INSERT INTO `work_on_team` VALUES (22, 1, 245500010);
INSERT INTO `work_on_team` VALUES (22, 1, 245500013);
INSERT INTO `work_on_team` VALUES (22, 1, 245500023);
INSERT INTO `work_on_team` VALUES (22, 1, 245500026);
INSERT INTO `work_on_team` VALUES (22, 1, 245500027);
INSERT INTO `work_on_team` VALUES (22, 1, 245500031);
INSERT INTO `work_on_team` VALUES (22, 1, 541970068);
INSERT INTO `work_on_team` VALUES (22, 1, 541970080);
INSERT INTO `work_on_team` VALUES (23, 1, 245500044);
INSERT INTO `work_on_team` VALUES (23, 1, 541970054);
INSERT INTO `work_on_team` VALUES (23, 1, 541970057);
INSERT INTO `work_on_team` VALUES (23, 1, 541970061);
INSERT INTO `work_on_team` VALUES (23, 1, 541970075);
INSERT INTO `work_on_team` VALUES (24, 1, 245500001);
INSERT INTO `work_on_team` VALUES (24, 1, 245500018);
INSERT INTO `work_on_team` VALUES (24, 1, 245500020);
INSERT INTO `work_on_team` VALUES (24, 1, 245500026);
INSERT INTO `work_on_team` VALUES (24, 1, 245500027);
INSERT INTO `work_on_team` VALUES (24, 1, 245500036);
INSERT INTO `work_on_team` VALUES (24, 1, 541970054);
INSERT INTO `work_on_team` VALUES (24, 1, 541970061);
INSERT INTO `work_on_team` VALUES (24, 1, 541970072);
INSERT INTO `work_on_team` VALUES (24, 1, 541970077);
INSERT INTO `work_on_team` VALUES (25, 1, 245500002);
INSERT INTO `work_on_team` VALUES (25, 1, 245500017);
INSERT INTO `work_on_team` VALUES (25, 1, 245500023);
INSERT INTO `work_on_team` VALUES (25, 1, 245500027);
INSERT INTO `work_on_team` VALUES (25, 1, 245500031);
INSERT INTO `work_on_team` VALUES (25, 1, 245500032);
INSERT INTO `work_on_team` VALUES (25, 1, 245500034);
INSERT INTO `work_on_team` VALUES (25, 1, 541970054);
INSERT INTO `work_on_team` VALUES (25, 1, 541970069);
INSERT INTO `work_on_team` VALUES (25, 1, 541970078);
INSERT INTO `work_on_team` VALUES (26, 1, 245500030);
INSERT INTO `work_on_team` VALUES (26, 1, 245500038);
INSERT INTO `work_on_team` VALUES (26, 1, 245500041);
INSERT INTO `work_on_team` VALUES (26, 1, 245500048);
INSERT INTO `work_on_team` VALUES (26, 1, 245500049);
INSERT INTO `work_on_team` VALUES (26, 1, 541970051);
INSERT INTO `work_on_team` VALUES (26, 1, 541970061);
INSERT INTO `work_on_team` VALUES (26, 1, 541970062);
INSERT INTO `work_on_team` VALUES (26, 1, 541970063);
INSERT INTO `work_on_team` VALUES (26, 1, 541970065);
INSERT INTO `work_on_team` VALUES (27, 1, 245500002);
INSERT INTO `work_on_team` VALUES (27, 1, 245500015);
INSERT INTO `work_on_team` VALUES (27, 1, 245500019);
INSERT INTO `work_on_team` VALUES (27, 1, 245500025);
INSERT INTO `work_on_team` VALUES (27, 1, 245500033);
INSERT INTO `work_on_team` VALUES (27, 1, 245500040);
INSERT INTO `work_on_team` VALUES (27, 1, 245500041);
INSERT INTO `work_on_team` VALUES (27, 1, 541970057);
INSERT INTO `work_on_team` VALUES (27, 1, 541970070);
INSERT INTO `work_on_team` VALUES (27, 1, 541970072);
INSERT INTO `work_on_team` VALUES (28, 1, 245500006);
INSERT INTO `work_on_team` VALUES (28, 1, 245500007);
INSERT INTO `work_on_team` VALUES (28, 1, 245500010);
INSERT INTO `work_on_team` VALUES (28, 1, 245500023);
INSERT INTO `work_on_team` VALUES (28, 1, 245500027);
INSERT INTO `work_on_team` VALUES (28, 1, 245500032);
INSERT INTO `work_on_team` VALUES (28, 1, 245500038);
INSERT INTO `work_on_team` VALUES (28, 1, 245500041);
INSERT INTO `work_on_team` VALUES (28, 1, 541970051);
INSERT INTO `work_on_team` VALUES (28, 1, 541970053);
INSERT INTO `work_on_team` VALUES (28, 1, 541970058);
INSERT INTO `work_on_team` VALUES (28, 1, 541970063);
INSERT INTO `work_on_team` VALUES (28, 1, 541970067);
INSERT INTO `work_on_team` VALUES (28, 1, 541970075);
INSERT INTO `work_on_team` VALUES (28, 1, 541970080);
INSERT INTO `work_on_team` VALUES (29, 1, 245500001);
INSERT INTO `work_on_team` VALUES (29, 1, 245500002);
INSERT INTO `work_on_team` VALUES (29, 1, 245500009);
INSERT INTO `work_on_team` VALUES (29, 1, 245500020);
INSERT INTO `work_on_team` VALUES (29, 1, 245500028);
INSERT INTO `work_on_team` VALUES (29, 1, 245500030);
INSERT INTO `work_on_team` VALUES (29, 1, 245500031);
INSERT INTO `work_on_team` VALUES (29, 1, 245500033);
INSERT INTO `work_on_team` VALUES (29, 1, 541970055);
INSERT INTO `work_on_team` VALUES (29, 1, 541970071);
INSERT INTO `work_on_team` VALUES (29, 1, 541970076);
INSERT INTO `work_on_team` VALUES (30, 1, 245500002);
INSERT INTO `work_on_team` VALUES (30, 1, 245500003);
INSERT INTO `work_on_team` VALUES (30, 1, 245500045);
INSERT INTO `work_on_team` VALUES (30, 1, 541970058);
INSERT INTO `work_on_team` VALUES (30, 1, 541970070);
INSERT INTO `work_on_team` VALUES (30, 1, 541970071);
INSERT INTO `work_on_team` VALUES (30, 1, 541970072);
INSERT INTO `work_on_team` VALUES (31, 1, 245500004);
INSERT INTO `work_on_team` VALUES (31, 1, 245500018);
INSERT INTO `work_on_team` VALUES (31, 1, 245500035);
INSERT INTO `work_on_team` VALUES (31, 1, 245500037);
INSERT INTO `work_on_team` VALUES (31, 1, 541970051);
INSERT INTO `work_on_team` VALUES (32, 1, 245500002);
INSERT INTO `work_on_team` VALUES (32, 1, 245500008);
INSERT INTO `work_on_team` VALUES (32, 1, 245500010);
INSERT INTO `work_on_team` VALUES (32, 1, 245500029);
INSERT INTO `work_on_team` VALUES (32, 1, 245500030);
INSERT INTO `work_on_team` VALUES (32, 1, 245500038);
INSERT INTO `work_on_team` VALUES (32, 1, 245500050);
INSERT INTO `work_on_team` VALUES (32, 1, 541970057);
INSERT INTO `work_on_team` VALUES (32, 1, 541970061);
INSERT INTO `work_on_team` VALUES (32, 1, 541970064);
INSERT INTO `work_on_team` VALUES (32, 1, 541970069);
INSERT INTO `work_on_team` VALUES (32, 1, 541970072);
INSERT INTO `work_on_team` VALUES (32, 1, 541970075);
INSERT INTO `work_on_team` VALUES (32, 1, 541970077);
INSERT INTO `work_on_team` VALUES (33, 1, 245500006);
INSERT INTO `work_on_team` VALUES (33, 1, 245500013);
INSERT INTO `work_on_team` VALUES (33, 1, 245500018);
INSERT INTO `work_on_team` VALUES (33, 1, 245500026);
INSERT INTO `work_on_team` VALUES (33, 1, 245500027);
INSERT INTO `work_on_team` VALUES (33, 1, 541970052);
INSERT INTO `work_on_team` VALUES (33, 1, 541970058);
INSERT INTO `work_on_team` VALUES (33, 1, 541970069);
INSERT INTO `work_on_team` VALUES (33, 1, 541970075);
INSERT INTO `work_on_team` VALUES (34, 1, 245500001);
INSERT INTO `work_on_team` VALUES (34, 1, 245500002);
INSERT INTO `work_on_team` VALUES (34, 1, 245500003);
INSERT INTO `work_on_team` VALUES (34, 1, 245500012);
INSERT INTO `work_on_team` VALUES (34, 1, 245500018);
INSERT INTO `work_on_team` VALUES (34, 1, 245500019);
INSERT INTO `work_on_team` VALUES (34, 1, 245500028);
INSERT INTO `work_on_team` VALUES (34, 1, 245500030);
INSERT INTO `work_on_team` VALUES (34, 1, 245500035);
INSERT INTO `work_on_team` VALUES (34, 1, 245500036);
INSERT INTO `work_on_team` VALUES (34, 1, 541970056);
INSERT INTO `work_on_team` VALUES (34, 1, 541970066);
INSERT INTO `work_on_team` VALUES (34, 1, 541970074);
INSERT INTO `work_on_team` VALUES (34, 1, 541970080);
INSERT INTO `work_on_team` VALUES (35, 1, 245500014);
INSERT INTO `work_on_team` VALUES (35, 1, 245500025);
INSERT INTO `work_on_team` VALUES (35, 1, 245500047);
INSERT INTO `work_on_team` VALUES (35, 1, 541970054);
INSERT INTO `work_on_team` VALUES (35, 1, 541970075);
INSERT INTO `work_on_team` VALUES (36, 1, 245500012);
INSERT INTO `work_on_team` VALUES (36, 1, 245500013);
INSERT INTO `work_on_team` VALUES (36, 1, 245500027);
INSERT INTO `work_on_team` VALUES (36, 1, 245500038);
INSERT INTO `work_on_team` VALUES (36, 1, 245500039);
INSERT INTO `work_on_team` VALUES (36, 1, 245500040);
INSERT INTO `work_on_team` VALUES (36, 1, 245500043);
INSERT INTO `work_on_team` VALUES (36, 1, 245500045);
INSERT INTO `work_on_team` VALUES (36, 1, 541970055);
INSERT INTO `work_on_team` VALUES (36, 1, 541970061);
INSERT INTO `work_on_team` VALUES (36, 1, 541970063);
INSERT INTO `work_on_team` VALUES (36, 1, 541970066);
INSERT INTO `work_on_team` VALUES (36, 1, 541970068);
INSERT INTO `work_on_team` VALUES (36, 1, 541970076);
INSERT INTO `work_on_team` VALUES (37, 1, 245500012);
INSERT INTO `work_on_team` VALUES (37, 1, 245500013);
INSERT INTO `work_on_team` VALUES (37, 1, 245500024);
INSERT INTO `work_on_team` VALUES (37, 1, 245500039);
INSERT INTO `work_on_team` VALUES (37, 1, 245500042);
INSERT INTO `work_on_team` VALUES (37, 1, 245500050);
INSERT INTO `work_on_team` VALUES (37, 1, 541970059);
INSERT INTO `work_on_team` VALUES (37, 1, 541970060);
INSERT INTO `work_on_team` VALUES (37, 1, 541970062);
INSERT INTO `work_on_team` VALUES (38, 1, 245500009);
INSERT INTO `work_on_team` VALUES (38, 1, 245500016);
INSERT INTO `work_on_team` VALUES (38, 1, 541970053);
INSERT INTO `work_on_team` VALUES (38, 1, 541970063);
INSERT INTO `work_on_team` VALUES (38, 1, 541970067);
INSERT INTO `work_on_team` VALUES (39, 1, 245500007);
INSERT INTO `work_on_team` VALUES (39, 1, 245500013);
INSERT INTO `work_on_team` VALUES (39, 1, 245500014);
INSERT INTO `work_on_team` VALUES (39, 1, 245500024);
INSERT INTO `work_on_team` VALUES (39, 1, 245500028);
INSERT INTO `work_on_team` VALUES (39, 1, 245500033);
INSERT INTO `work_on_team` VALUES (39, 1, 245500034);
INSERT INTO `work_on_team` VALUES (39, 1, 245500044);
INSERT INTO `work_on_team` VALUES (39, 1, 245500046);
INSERT INTO `work_on_team` VALUES (39, 1, 541970051);
INSERT INTO `work_on_team` VALUES (39, 1, 541970052);
INSERT INTO `work_on_team` VALUES (39, 1, 541970062);
INSERT INTO `work_on_team` VALUES (39, 1, 541970068);
INSERT INTO `work_on_team` VALUES (39, 1, 541970071);
INSERT INTO `work_on_team` VALUES (39, 1, 541970072);
INSERT INTO `work_on_team` VALUES (40, 1, 245500007);
INSERT INTO `work_on_team` VALUES (40, 1, 245500014);
INSERT INTO `work_on_team` VALUES (40, 1, 245500026);
INSERT INTO `work_on_team` VALUES (40, 1, 245500027);
INSERT INTO `work_on_team` VALUES (40, 1, 245500038);
INSERT INTO `work_on_team` VALUES (40, 1, 245500047);
INSERT INTO `work_on_team` VALUES (40, 1, 541970070);
INSERT INTO `work_on_team` VALUES (41, 1, 245500014);
INSERT INTO `work_on_team` VALUES (41, 1, 245500015);
INSERT INTO `work_on_team` VALUES (41, 1, 245500023);
INSERT INTO `work_on_team` VALUES (41, 1, 245500024);
INSERT INTO `work_on_team` VALUES (41, 1, 245500026);
INSERT INTO `work_on_team` VALUES (41, 1, 245500042);
INSERT INTO `work_on_team` VALUES (41, 1, 541970055);
INSERT INTO `work_on_team` VALUES (41, 1, 541970056);
INSERT INTO `work_on_team` VALUES (41, 1, 541970058);
INSERT INTO `work_on_team` VALUES (41, 1, 541970060);
INSERT INTO `work_on_team` VALUES (41, 1, 541970064);
INSERT INTO `work_on_team` VALUES (42, 1, 245500010);
INSERT INTO `work_on_team` VALUES (42, 1, 245500028);
INSERT INTO `work_on_team` VALUES (42, 1, 245500040);
INSERT INTO `work_on_team` VALUES (42, 1, 541970055);
INSERT INTO `work_on_team` VALUES (42, 1, 541970061);
INSERT INTO `work_on_team` VALUES (42, 1, 541970073);
INSERT INTO `work_on_team` VALUES (42, 1, 541970076);
INSERT INTO `work_on_team` VALUES (42, 1, 541970080);
INSERT INTO `work_on_team` VALUES (43, 1, 245500005);
INSERT INTO `work_on_team` VALUES (43, 1, 245500010);
INSERT INTO `work_on_team` VALUES (43, 1, 245500012);
INSERT INTO `work_on_team` VALUES (43, 1, 245500035);
INSERT INTO `work_on_team` VALUES (43, 1, 245500039);
INSERT INTO `work_on_team` VALUES (43, 1, 541970059);
INSERT INTO `work_on_team` VALUES (43, 1, 541970065);
INSERT INTO `work_on_team` VALUES (43, 1, 541970067);
INSERT INTO `work_on_team` VALUES (44, 1, 245500017);
INSERT INTO `work_on_team` VALUES (44, 1, 245500030);
INSERT INTO `work_on_team` VALUES (44, 1, 245500034);
INSERT INTO `work_on_team` VALUES (44, 1, 245500037);
INSERT INTO `work_on_team` VALUES (44, 1, 245500046);
INSERT INTO `work_on_team` VALUES (44, 1, 245500050);
INSERT INTO `work_on_team` VALUES (44, 1, 541970053);
INSERT INTO `work_on_team` VALUES (44, 1, 541970054);
INSERT INTO `work_on_team` VALUES (44, 1, 541970057);
INSERT INTO `work_on_team` VALUES (44, 1, 541970059);
INSERT INTO `work_on_team` VALUES (44, 1, 541970064);
INSERT INTO `work_on_team` VALUES (44, 1, 541970070);
INSERT INTO `work_on_team` VALUES (44, 1, 541970071);
INSERT INTO `work_on_team` VALUES (44, 1, 541970077);
INSERT INTO `work_on_team` VALUES (44, 1, 541970079);
INSERT INTO `work_on_team` VALUES (45, 1, 245500025);
INSERT INTO `work_on_team` VALUES (45, 1, 245500029);
INSERT INTO `work_on_team` VALUES (45, 1, 245500042);
INSERT INTO `work_on_team` VALUES (45, 1, 245500047);
INSERT INTO `work_on_team` VALUES (45, 1, 541970064);
INSERT INTO `work_on_team` VALUES (45, 1, 541970068);
INSERT INTO `work_on_team` VALUES (46, 1, 245500024);
INSERT INTO `work_on_team` VALUES (46, 1, 245500025);
INSERT INTO `work_on_team` VALUES (46, 1, 245500026);
INSERT INTO `work_on_team` VALUES (46, 1, 245500027);
INSERT INTO `work_on_team` VALUES (46, 1, 245500034);
INSERT INTO `work_on_team` VALUES (46, 1, 245500041);
INSERT INTO `work_on_team` VALUES (46, 1, 245500042);
INSERT INTO `work_on_team` VALUES (46, 1, 245500045);
INSERT INTO `work_on_team` VALUES (46, 1, 245500046);
INSERT INTO `work_on_team` VALUES (46, 1, 541970052);
INSERT INTO `work_on_team` VALUES (46, 1, 541970053);
INSERT INTO `work_on_team` VALUES (46, 1, 541970060);
INSERT INTO `work_on_team` VALUES (46, 1, 541970078);
INSERT INTO `work_on_team` VALUES (47, 1, 245500006);
INSERT INTO `work_on_team` VALUES (47, 1, 245500007);
INSERT INTO `work_on_team` VALUES (47, 1, 245500019);
INSERT INTO `work_on_team` VALUES (47, 1, 245500026);
INSERT INTO `work_on_team` VALUES (47, 1, 245500038);
INSERT INTO `work_on_team` VALUES (47, 1, 245500044);
INSERT INTO `work_on_team` VALUES (47, 1, 245500045);
INSERT INTO `work_on_team` VALUES (47, 1, 245500046);
INSERT INTO `work_on_team` VALUES (47, 1, 541970059);
INSERT INTO `work_on_team` VALUES (47, 1, 541970065);
INSERT INTO `work_on_team` VALUES (47, 1, 541970071);
INSERT INTO `work_on_team` VALUES (47, 1, 541970074);
INSERT INTO `work_on_team` VALUES (48, 1, 245500021);
INSERT INTO `work_on_team` VALUES (48, 1, 245500023);
INSERT INTO `work_on_team` VALUES (48, 1, 245500024);
INSERT INTO `work_on_team` VALUES (48, 1, 245500038);
INSERT INTO `work_on_team` VALUES (48, 1, 541970072);
INSERT INTO `work_on_team` VALUES (49, 1, 245500014);
INSERT INTO `work_on_team` VALUES (49, 1, 245500019);
INSERT INTO `work_on_team` VALUES (49, 1, 245500024);
INSERT INTO `work_on_team` VALUES (49, 1, 245500031);
INSERT INTO `work_on_team` VALUES (49, 1, 245500032);
INSERT INTO `work_on_team` VALUES (49, 1, 245500033);
INSERT INTO `work_on_team` VALUES (49, 1, 541970066);
INSERT INTO `work_on_team` VALUES (49, 1, 541970067);
INSERT INTO `work_on_team` VALUES (49, 1, 541970071);
INSERT INTO `work_on_team` VALUES (50, 1, 245500012);
INSERT INTO `work_on_team` VALUES (50, 1, 245500021);
INSERT INTO `work_on_team` VALUES (50, 1, 245500026);
INSERT INTO `work_on_team` VALUES (50, 1, 245500044);
INSERT INTO `work_on_team` VALUES (50, 1, 245500045);
INSERT INTO `work_on_team` VALUES (50, 1, 245500046);
INSERT INTO `work_on_team` VALUES (50, 1, 245500047);
INSERT INTO `work_on_team` VALUES (50, 1, 245500048);
INSERT INTO `work_on_team` VALUES (50, 1, 245500050);
INSERT INTO `work_on_team` VALUES (50, 1, 541970066);
INSERT INTO `work_on_team` VALUES (50, 1, 541970070);
INSERT INTO `work_on_team` VALUES (50, 1, 541970072);
INSERT INTO `work_on_team` VALUES (50, 1, 541970078);
INSERT INTO `work_on_team` VALUES (50, 1, 541970079);
INSERT INTO `work_on_team` VALUES (51, 1, 245500001);
INSERT INTO `work_on_team` VALUES (51, 1, 245500002);
INSERT INTO `work_on_team` VALUES (51, 1, 245500026);
INSERT INTO `work_on_team` VALUES (51, 1, 245500030);
INSERT INTO `work_on_team` VALUES (51, 1, 245500031);
INSERT INTO `work_on_team` VALUES (51, 1, 245500034);
INSERT INTO `work_on_team` VALUES (51, 1, 245500039);
INSERT INTO `work_on_team` VALUES (51, 1, 245500040);
INSERT INTO `work_on_team` VALUES (51, 1, 245500041);
INSERT INTO `work_on_team` VALUES (51, 1, 245500045);
INSERT INTO `work_on_team` VALUES (51, 1, 245500046);
INSERT INTO `work_on_team` VALUES (51, 1, 541970070);
INSERT INTO `work_on_team` VALUES (52, 1, 245500002);
INSERT INTO `work_on_team` VALUES (52, 1, 245500007);
INSERT INTO `work_on_team` VALUES (52, 1, 245500011);
INSERT INTO `work_on_team` VALUES (52, 1, 245500015);
INSERT INTO `work_on_team` VALUES (52, 1, 245500027);
INSERT INTO `work_on_team` VALUES (52, 1, 245500035);
INSERT INTO `work_on_team` VALUES (52, 1, 245500040);
INSERT INTO `work_on_team` VALUES (52, 1, 245500041);
INSERT INTO `work_on_team` VALUES (52, 1, 541970052);
INSERT INTO `work_on_team` VALUES (52, 1, 541970056);
INSERT INTO `work_on_team` VALUES (52, 1, 541970060);
INSERT INTO `work_on_team` VALUES (52, 1, 541970066);
INSERT INTO `work_on_team` VALUES (53, 1, 245500007);
INSERT INTO `work_on_team` VALUES (53, 1, 245500041);
INSERT INTO `work_on_team` VALUES (53, 1, 541970057);
INSERT INTO `work_on_team` VALUES (53, 1, 541970065);
INSERT INTO `work_on_team` VALUES (53, 1, 541970067);
INSERT INTO `work_on_team` VALUES (53, 1, 541970080);
INSERT INTO `work_on_team` VALUES (54, 1, 245500002);
INSERT INTO `work_on_team` VALUES (54, 1, 245500004);
INSERT INTO `work_on_team` VALUES (54, 1, 245500021);
INSERT INTO `work_on_team` VALUES (54, 1, 245500028);
INSERT INTO `work_on_team` VALUES (54, 1, 245500030);
INSERT INTO `work_on_team` VALUES (54, 1, 245500038);
INSERT INTO `work_on_team` VALUES (54, 1, 245500042);
INSERT INTO `work_on_team` VALUES (54, 1, 245500047);
INSERT INTO `work_on_team` VALUES (54, 1, 245500048);
INSERT INTO `work_on_team` VALUES (54, 1, 541970059);
INSERT INTO `work_on_team` VALUES (54, 1, 541970067);
INSERT INTO `work_on_team` VALUES (54, 1, 541970076);
INSERT INTO `work_on_team` VALUES (55, 1, 245500002);
INSERT INTO `work_on_team` VALUES (55, 1, 245500003);
INSERT INTO `work_on_team` VALUES (55, 1, 245500007);
INSERT INTO `work_on_team` VALUES (55, 1, 245500012);
INSERT INTO `work_on_team` VALUES (55, 1, 245500013);
INSERT INTO `work_on_team` VALUES (55, 1, 245500014);
INSERT INTO `work_on_team` VALUES (55, 1, 245500024);
INSERT INTO `work_on_team` VALUES (55, 1, 245500026);
INSERT INTO `work_on_team` VALUES (55, 1, 245500040);
INSERT INTO `work_on_team` VALUES (55, 1, 245500042);
INSERT INTO `work_on_team` VALUES (55, 1, 245500043);
INSERT INTO `work_on_team` VALUES (55, 1, 541970053);
INSERT INTO `work_on_team` VALUES (55, 1, 541970059);
INSERT INTO `work_on_team` VALUES (55, 1, 541970060);
INSERT INTO `work_on_team` VALUES (56, 1, 245500004);
INSERT INTO `work_on_team` VALUES (56, 1, 245500005);
INSERT INTO `work_on_team` VALUES (56, 1, 245500024);
INSERT INTO `work_on_team` VALUES (56, 1, 245500025);
INSERT INTO `work_on_team` VALUES (56, 1, 245500027);
INSERT INTO `work_on_team` VALUES (56, 1, 245500031);
INSERT INTO `work_on_team` VALUES (56, 1, 245500048);
INSERT INTO `work_on_team` VALUES (56, 1, 541970052);
INSERT INTO `work_on_team` VALUES (56, 1, 541970053);
INSERT INTO `work_on_team` VALUES (57, 1, 245500009);
INSERT INTO `work_on_team` VALUES (57, 1, 245500034);
INSERT INTO `work_on_team` VALUES (57, 1, 245500036);
INSERT INTO `work_on_team` VALUES (57, 1, 245500045);
INSERT INTO `work_on_team` VALUES (57, 1, 245500047);
INSERT INTO `work_on_team` VALUES (57, 1, 245500048);
INSERT INTO `work_on_team` VALUES (57, 1, 541970052);
INSERT INTO `work_on_team` VALUES (57, 1, 541970055);
INSERT INTO `work_on_team` VALUES (57, 1, 541970067);
INSERT INTO `work_on_team` VALUES (58, 1, 245500021);
INSERT INTO `work_on_team` VALUES (58, 1, 245500028);
INSERT INTO `work_on_team` VALUES (58, 1, 245500030);
INSERT INTO `work_on_team` VALUES (58, 1, 245500031);
INSERT INTO `work_on_team` VALUES (58, 1, 245500044);
INSERT INTO `work_on_team` VALUES (58, 1, 541970056);
INSERT INTO `work_on_team` VALUES (58, 1, 541970068);
INSERT INTO `work_on_team` VALUES (59, 1, 245500003);
INSERT INTO `work_on_team` VALUES (59, 1, 245500007);
INSERT INTO `work_on_team` VALUES (59, 1, 245500011);
INSERT INTO `work_on_team` VALUES (59, 1, 245500015);
INSERT INTO `work_on_team` VALUES (59, 1, 245500022);
INSERT INTO `work_on_team` VALUES (59, 1, 245500032);
INSERT INTO `work_on_team` VALUES (59, 1, 245500038);
INSERT INTO `work_on_team` VALUES (59, 1, 245500046);
INSERT INTO `work_on_team` VALUES (59, 1, 541970059);
INSERT INTO `work_on_team` VALUES (59, 1, 541970062);
INSERT INTO `work_on_team` VALUES (59, 1, 541970079);
INSERT INTO `work_on_team` VALUES (60, 1, 245500001);
INSERT INTO `work_on_team` VALUES (60, 1, 245500013);
INSERT INTO `work_on_team` VALUES (60, 1, 245500015);
INSERT INTO `work_on_team` VALUES (60, 1, 245500018);
INSERT INTO `work_on_team` VALUES (60, 1, 245500021);
INSERT INTO `work_on_team` VALUES (60, 1, 245500033);
INSERT INTO `work_on_team` VALUES (60, 1, 541970053);
INSERT INTO `work_on_team` VALUES (60, 1, 541970057);
INSERT INTO `work_on_team` VALUES (60, 1, 541970065);
INSERT INTO `work_on_team` VALUES (60, 1, 541970072);
INSERT INTO `work_on_team` VALUES (60, 1, 541970080);
INSERT INTO `work_on_team` VALUES (60, 1, 541970081);
INSERT INTO `work_on_team` VALUES (61, 1, 245500010);
INSERT INTO `work_on_team` VALUES (61, 1, 245500047);
INSERT INTO `work_on_team` VALUES (61, 1, 541970053);
INSERT INTO `work_on_team` VALUES (61, 1, 541970056);
INSERT INTO `work_on_team` VALUES (61, 1, 541970067);
INSERT INTO `work_on_team` VALUES (61, 1, 541970069);
INSERT INTO `work_on_team` VALUES (62, 1, 245500006);
INSERT INTO `work_on_team` VALUES (62, 1, 245500012);
INSERT INTO `work_on_team` VALUES (62, 1, 245500013);
INSERT INTO `work_on_team` VALUES (62, 1, 245500018);
INSERT INTO `work_on_team` VALUES (62, 1, 245500021);
INSERT INTO `work_on_team` VALUES (62, 1, 245500027);
INSERT INTO `work_on_team` VALUES (62, 1, 245500032);
INSERT INTO `work_on_team` VALUES (62, 1, 245500042);
INSERT INTO `work_on_team` VALUES (62, 1, 541970053);
INSERT INTO `work_on_team` VALUES (62, 1, 541970056);
INSERT INTO `work_on_team` VALUES (62, 1, 541970061);
INSERT INTO `work_on_team` VALUES (62, 1, 541970065);
INSERT INTO `work_on_team` VALUES (62, 1, 541970067);
INSERT INTO `work_on_team` VALUES (62, 1, 541970073);
INSERT INTO `work_on_team` VALUES (62, 1, 541970077);
INSERT INTO `work_on_team` VALUES (63, 1, 245500001);
INSERT INTO `work_on_team` VALUES (63, 1, 245500012);
INSERT INTO `work_on_team` VALUES (63, 1, 245500017);
INSERT INTO `work_on_team` VALUES (63, 1, 245500024);
INSERT INTO `work_on_team` VALUES (63, 1, 245500032);
INSERT INTO `work_on_team` VALUES (63, 1, 245500048);
INSERT INTO `work_on_team` VALUES (63, 1, 541970054);
INSERT INTO `work_on_team` VALUES (63, 1, 541970059);
INSERT INTO `work_on_team` VALUES (63, 1, 541970070);
INSERT INTO `work_on_team` VALUES (63, 1, 541970071);
INSERT INTO `work_on_team` VALUES (64, 1, 245500009);
INSERT INTO `work_on_team` VALUES (64, 1, 245500020);
INSERT INTO `work_on_team` VALUES (64, 1, 245500021);
INSERT INTO `work_on_team` VALUES (64, 1, 245500023);
INSERT INTO `work_on_team` VALUES (64, 1, 245500025);
INSERT INTO `work_on_team` VALUES (64, 1, 245500026);
INSERT INTO `work_on_team` VALUES (64, 1, 245500045);
INSERT INTO `work_on_team` VALUES (64, 1, 245500048);
INSERT INTO `work_on_team` VALUES (64, 1, 245500049);
INSERT INTO `work_on_team` VALUES (64, 1, 541970064);
INSERT INTO `work_on_team` VALUES (64, 1, 541970068);
INSERT INTO `work_on_team` VALUES (64, 1, 541970071);
INSERT INTO `work_on_team` VALUES (64, 1, 541970078);
INSERT INTO `work_on_team` VALUES (65, 1, 245500015);
INSERT INTO `work_on_team` VALUES (65, 1, 245500016);
INSERT INTO `work_on_team` VALUES (65, 1, 245500021);
INSERT INTO `work_on_team` VALUES (65, 1, 245500023);
INSERT INTO `work_on_team` VALUES (65, 1, 245500036);
INSERT INTO `work_on_team` VALUES (65, 1, 245500038);
INSERT INTO `work_on_team` VALUES (65, 1, 245500040);
INSERT INTO `work_on_team` VALUES (65, 1, 245500041);
INSERT INTO `work_on_team` VALUES (65, 1, 541970052);
INSERT INTO `work_on_team` VALUES (65, 1, 541970053);
INSERT INTO `work_on_team` VALUES (65, 1, 541970056);
INSERT INTO `work_on_team` VALUES (65, 1, 541970064);
INSERT INTO `work_on_team` VALUES (65, 1, 541970078);
INSERT INTO `work_on_team` VALUES (66, 1, 245500003);
INSERT INTO `work_on_team` VALUES (66, 1, 245500011);
INSERT INTO `work_on_team` VALUES (66, 1, 245500018);
INSERT INTO `work_on_team` VALUES (66, 1, 245500023);
INSERT INTO `work_on_team` VALUES (66, 1, 245500029);
INSERT INTO `work_on_team` VALUES (66, 1, 245500048);
INSERT INTO `work_on_team` VALUES (66, 1, 541970065);
INSERT INTO `work_on_team` VALUES (66, 1, 541970074);
INSERT INTO `work_on_team` VALUES (67, 1, 245500007);
INSERT INTO `work_on_team` VALUES (67, 1, 245500008);
INSERT INTO `work_on_team` VALUES (67, 1, 245500035);
INSERT INTO `work_on_team` VALUES (67, 1, 541970067);
INSERT INTO `work_on_team` VALUES (67, 1, 541970079);
INSERT INTO `work_on_team` VALUES (67, 1, 541970080);
INSERT INTO `work_on_team` VALUES (68, 1, 245500006);
INSERT INTO `work_on_team` VALUES (68, 1, 245500008);
INSERT INTO `work_on_team` VALUES (68, 1, 245500012);
INSERT INTO `work_on_team` VALUES (68, 1, 245500018);
INSERT INTO `work_on_team` VALUES (68, 1, 245500021);
INSERT INTO `work_on_team` VALUES (68, 1, 245500029);
INSERT INTO `work_on_team` VALUES (68, 1, 245500033);
INSERT INTO `work_on_team` VALUES (68, 1, 245500037);
INSERT INTO `work_on_team` VALUES (68, 1, 245500044);
INSERT INTO `work_on_team` VALUES (68, 1, 541970069);
INSERT INTO `work_on_team` VALUES (68, 1, 541970071);
INSERT INTO `work_on_team` VALUES (69, 1, 245500001);
INSERT INTO `work_on_team` VALUES (69, 1, 245500007);
INSERT INTO `work_on_team` VALUES (69, 1, 245500017);
INSERT INTO `work_on_team` VALUES (69, 1, 245500021);
INSERT INTO `work_on_team` VALUES (69, 1, 245500033);
INSERT INTO `work_on_team` VALUES (69, 1, 245500041);
INSERT INTO `work_on_team` VALUES (69, 1, 245500042);
INSERT INTO `work_on_team` VALUES (69, 1, 245500049);
INSERT INTO `work_on_team` VALUES (69, 1, 541970062);
INSERT INTO `work_on_team` VALUES (69, 1, 541970070);
INSERT INTO `work_on_team` VALUES (69, 1, 541970075);
INSERT INTO `work_on_team` VALUES (70, 1, 245500020);
INSERT INTO `work_on_team` VALUES (70, 1, 245500044);
INSERT INTO `work_on_team` VALUES (70, 1, 541970064);
INSERT INTO `work_on_team` VALUES (70, 1, 541970065);
INSERT INTO `work_on_team` VALUES (70, 1, 541970066);
INSERT INTO `work_on_team` VALUES (71, 1, 245500011);
INSERT INTO `work_on_team` VALUES (71, 1, 245500027);
INSERT INTO `work_on_team` VALUES (71, 1, 245500028);
INSERT INTO `work_on_team` VALUES (71, 1, 541970059);
INSERT INTO `work_on_team` VALUES (71, 1, 541970064);
INSERT INTO `work_on_team` VALUES (71, 1, 541970077);
INSERT INTO `work_on_team` VALUES (72, 1, 245500016);
INSERT INTO `work_on_team` VALUES (72, 1, 245500032);
INSERT INTO `work_on_team` VALUES (72, 1, 245500035);
INSERT INTO `work_on_team` VALUES (72, 1, 245500036);
INSERT INTO `work_on_team` VALUES (72, 1, 245500037);
INSERT INTO `work_on_team` VALUES (72, 1, 541970053);
INSERT INTO `work_on_team` VALUES (72, 1, 541970055);
INSERT INTO `work_on_team` VALUES (72, 1, 541970060);
INSERT INTO `work_on_team` VALUES (72, 1, 541970062);
INSERT INTO `work_on_team` VALUES (72, 1, 541970070);
INSERT INTO `work_on_team` VALUES (72, 1, 541970072);
INSERT INTO `work_on_team` VALUES (72, 1, 541970073);
INSERT INTO `work_on_team` VALUES (72, 1, 541970077);
INSERT INTO `work_on_team` VALUES (73, 1, 245500001);
INSERT INTO `work_on_team` VALUES (73, 1, 245500002);
INSERT INTO `work_on_team` VALUES (73, 1, 245500005);
INSERT INTO `work_on_team` VALUES (73, 1, 245500031);
INSERT INTO `work_on_team` VALUES (73, 1, 245500034);
INSERT INTO `work_on_team` VALUES (73, 1, 245500036);
INSERT INTO `work_on_team` VALUES (73, 1, 245500037);
INSERT INTO `work_on_team` VALUES (73, 1, 541970064);
INSERT INTO `work_on_team` VALUES (73, 1, 541970076);
INSERT INTO `work_on_team` VALUES (73, 1, 541970077);
INSERT INTO `work_on_team` VALUES (74, 1, 245500007);
INSERT INTO `work_on_team` VALUES (74, 1, 245500020);
INSERT INTO `work_on_team` VALUES (74, 1, 245500024);
INSERT INTO `work_on_team` VALUES (74, 1, 245500031);
INSERT INTO `work_on_team` VALUES (74, 1, 245500035);
INSERT INTO `work_on_team` VALUES (74, 1, 541970059);
INSERT INTO `work_on_team` VALUES (74, 1, 541970069);
INSERT INTO `work_on_team` VALUES (74, 1, 541970071);
INSERT INTO `work_on_team` VALUES (74, 1, 541970078);
INSERT INTO `work_on_team` VALUES (75, 1, 245500006);
INSERT INTO `work_on_team` VALUES (75, 1, 245500008);
INSERT INTO `work_on_team` VALUES (75, 1, 245500033);
INSERT INTO `work_on_team` VALUES (75, 1, 245500035);
INSERT INTO `work_on_team` VALUES (75, 1, 245500037);
INSERT INTO `work_on_team` VALUES (75, 1, 541970062);
INSERT INTO `work_on_team` VALUES (75, 1, 541970070);
INSERT INTO `work_on_team` VALUES (75, 1, 541970072);
INSERT INTO `work_on_team` VALUES (75, 1, 541970073);
INSERT INTO `work_on_team` VALUES (75, 1, 541970074);
INSERT INTO `work_on_team` VALUES (75, 1, 541970075);
INSERT INTO `work_on_team` VALUES (75, 1, 541970078);
INSERT INTO `work_on_team` VALUES (76, 1, 245500002);
INSERT INTO `work_on_team` VALUES (76, 1, 245500005);
INSERT INTO `work_on_team` VALUES (76, 1, 245500013);
INSERT INTO `work_on_team` VALUES (76, 1, 245500014);
INSERT INTO `work_on_team` VALUES (76, 1, 245500019);
INSERT INTO `work_on_team` VALUES (76, 1, 245500023);
INSERT INTO `work_on_team` VALUES (76, 1, 245500024);
INSERT INTO `work_on_team` VALUES (76, 1, 245500035);
INSERT INTO `work_on_team` VALUES (76, 1, 541970054);
INSERT INTO `work_on_team` VALUES (76, 1, 541970063);
INSERT INTO `work_on_team` VALUES (76, 1, 541970066);
INSERT INTO `work_on_team` VALUES (76, 1, 541970074);
INSERT INTO `work_on_team` VALUES (76, 1, 541970078);
INSERT INTO `work_on_team` VALUES (76, 1, 541970079);
INSERT INTO `work_on_team` VALUES (76, 1, 541970080);
INSERT INTO `work_on_team` VALUES (77, 1, 245500008);
INSERT INTO `work_on_team` VALUES (77, 1, 245500011);
INSERT INTO `work_on_team` VALUES (77, 1, 245500013);
INSERT INTO `work_on_team` VALUES (77, 1, 245500019);
INSERT INTO `work_on_team` VALUES (77, 1, 245500036);
INSERT INTO `work_on_team` VALUES (77, 1, 245500044);
INSERT INTO `work_on_team` VALUES (77, 1, 541970057);
INSERT INTO `work_on_team` VALUES (77, 1, 541970062);
INSERT INTO `work_on_team` VALUES (77, 1, 541970063);
INSERT INTO `work_on_team` VALUES (77, 1, 541970065);
INSERT INTO `work_on_team` VALUES (77, 1, 541970069);
INSERT INTO `work_on_team` VALUES (77, 1, 541970072);
INSERT INTO `work_on_team` VALUES (77, 1, 541970077);
INSERT INTO `work_on_team` VALUES (77, 1, 541970080);
INSERT INTO `work_on_team` VALUES (78, 1, 245500018);
INSERT INTO `work_on_team` VALUES (78, 1, 245500026);
INSERT INTO `work_on_team` VALUES (78, 1, 245500034);
INSERT INTO `work_on_team` VALUES (78, 1, 245500042);
INSERT INTO `work_on_team` VALUES (78, 1, 541970057);
INSERT INTO `work_on_team` VALUES (78, 1, 541970075);
INSERT INTO `work_on_team` VALUES (79, 1, 245500009);
INSERT INTO `work_on_team` VALUES (79, 1, 245500011);
INSERT INTO `work_on_team` VALUES (79, 1, 245500012);
INSERT INTO `work_on_team` VALUES (79, 1, 245500030);
INSERT INTO `work_on_team` VALUES (79, 1, 245500048);
INSERT INTO `work_on_team` VALUES (79, 1, 541970053);
INSERT INTO `work_on_team` VALUES (79, 1, 541970054);
INSERT INTO `work_on_team` VALUES (79, 1, 541970062);
INSERT INTO `work_on_team` VALUES (79, 1, 541970063);
INSERT INTO `work_on_team` VALUES (79, 1, 541970068);
INSERT INTO `work_on_team` VALUES (79, 1, 541970075);
INSERT INTO `work_on_team` VALUES (79, 1, 541970079);
INSERT INTO `work_on_team` VALUES (80, 1, 245500007);
INSERT INTO `work_on_team` VALUES (80, 1, 245500017);
INSERT INTO `work_on_team` VALUES (80, 1, 245500018);
INSERT INTO `work_on_team` VALUES (80, 1, 245500020);
INSERT INTO `work_on_team` VALUES (80, 1, 245500022);
INSERT INTO `work_on_team` VALUES (80, 1, 245500036);
INSERT INTO `work_on_team` VALUES (80, 1, 245500037);
INSERT INTO `work_on_team` VALUES (80, 1, 245500042);
INSERT INTO `work_on_team` VALUES (80, 1, 541970057);
INSERT INTO `work_on_team` VALUES (80, 1, 541970069);
INSERT INTO `work_on_team` VALUES (80, 1, 541970072);
INSERT INTO `work_on_team` VALUES (81, 1, 245500009);
INSERT INTO `work_on_team` VALUES (81, 1, 541970063);
INSERT INTO `work_on_team` VALUES (81, 1, 541970068);
INSERT INTO `work_on_team` VALUES (81, 1, 541970072);
INSERT INTO `work_on_team` VALUES (81, 1, 541970078);
INSERT INTO `work_on_team` VALUES (82, 1, 245500012);
INSERT INTO `work_on_team` VALUES (82, 1, 245500027);
INSERT INTO `work_on_team` VALUES (82, 1, 245500034);
INSERT INTO `work_on_team` VALUES (82, 1, 245500039);
INSERT INTO `work_on_team` VALUES (82, 1, 541970055);
INSERT INTO `work_on_team` VALUES (83, 1, 245500006);
INSERT INTO `work_on_team` VALUES (83, 1, 245500011);
INSERT INTO `work_on_team` VALUES (83, 1, 245500012);
INSERT INTO `work_on_team` VALUES (83, 1, 541970055);
INSERT INTO `work_on_team` VALUES (83, 1, 541970057);
INSERT INTO `work_on_team` VALUES (83, 1, 541970064);
INSERT INTO `work_on_team` VALUES (84, 1, 245500018);
INSERT INTO `work_on_team` VALUES (84, 1, 245500031);
INSERT INTO `work_on_team` VALUES (84, 1, 245500044);
INSERT INTO `work_on_team` VALUES (84, 1, 541970051);
INSERT INTO `work_on_team` VALUES (84, 1, 541970060);
INSERT INTO `work_on_team` VALUES (85, 1, 245500012);
INSERT INTO `work_on_team` VALUES (85, 1, 245500013);
INSERT INTO `work_on_team` VALUES (85, 1, 245500023);
INSERT INTO `work_on_team` VALUES (85, 1, 245500025);
INSERT INTO `work_on_team` VALUES (85, 1, 245500027);
INSERT INTO `work_on_team` VALUES (85, 1, 245500029);
INSERT INTO `work_on_team` VALUES (85, 1, 245500041);
INSERT INTO `work_on_team` VALUES (85, 1, 245500043);
INSERT INTO `work_on_team` VALUES (85, 1, 541970055);
INSERT INTO `work_on_team` VALUES (85, 1, 541970061);
INSERT INTO `work_on_team` VALUES (85, 1, 541970067);
INSERT INTO `work_on_team` VALUES (86, 1, 245500005);
INSERT INTO `work_on_team` VALUES (86, 1, 245500009);
INSERT INTO `work_on_team` VALUES (86, 1, 245500035);
INSERT INTO `work_on_team` VALUES (86, 1, 245500038);
INSERT INTO `work_on_team` VALUES (86, 1, 245500041);
INSERT INTO `work_on_team` VALUES (86, 1, 245500047);
INSERT INTO `work_on_team` VALUES (86, 1, 541970055);
INSERT INTO `work_on_team` VALUES (86, 1, 541970058);
INSERT INTO `work_on_team` VALUES (86, 1, 541970064);
INSERT INTO `work_on_team` VALUES (86, 1, 541970070);
INSERT INTO `work_on_team` VALUES (86, 1, 541970072);
INSERT INTO `work_on_team` VALUES (86, 1, 541970076);
INSERT INTO `work_on_team` VALUES (86, 1, 541970077);
INSERT INTO `work_on_team` VALUES (87, 1, 245500003);
INSERT INTO `work_on_team` VALUES (87, 1, 245500007);
INSERT INTO `work_on_team` VALUES (87, 1, 245500010);
INSERT INTO `work_on_team` VALUES (87, 1, 245500016);
INSERT INTO `work_on_team` VALUES (87, 1, 245500017);
INSERT INTO `work_on_team` VALUES (87, 1, 245500021);
INSERT INTO `work_on_team` VALUES (87, 1, 245500026);
INSERT INTO `work_on_team` VALUES (87, 1, 245500043);
INSERT INTO `work_on_team` VALUES (87, 1, 541970055);
INSERT INTO `work_on_team` VALUES (87, 1, 541970056);
INSERT INTO `work_on_team` VALUES (87, 1, 541970059);
INSERT INTO `work_on_team` VALUES (87, 1, 541970067);
INSERT INTO `work_on_team` VALUES (87, 1, 541970070);
INSERT INTO `work_on_team` VALUES (88, 1, 245500010);
INSERT INTO `work_on_team` VALUES (88, 1, 245500011);
INSERT INTO `work_on_team` VALUES (88, 1, 245500026);
INSERT INTO `work_on_team` VALUES (88, 1, 245500027);
INSERT INTO `work_on_team` VALUES (88, 1, 245500039);
INSERT INTO `work_on_team` VALUES (88, 1, 245500047);
INSERT INTO `work_on_team` VALUES (88, 1, 245500048);
INSERT INTO `work_on_team` VALUES (88, 1, 541970062);
INSERT INTO `work_on_team` VALUES (88, 1, 541970074);
INSERT INTO `work_on_team` VALUES (88, 1, 541970078);
INSERT INTO `work_on_team` VALUES (89, 1, 245500020);
INSERT INTO `work_on_team` VALUES (89, 1, 245500025);
INSERT INTO `work_on_team` VALUES (89, 1, 245500044);
INSERT INTO `work_on_team` VALUES (89, 1, 541970054);
INSERT INTO `work_on_team` VALUES (89, 1, 541970057);
INSERT INTO `work_on_team` VALUES (89, 1, 541970058);
INSERT INTO `work_on_team` VALUES (89, 1, 541970060);
INSERT INTO `work_on_team` VALUES (89, 1, 541970063);
INSERT INTO `work_on_team` VALUES (89, 1, 541970065);
INSERT INTO `work_on_team` VALUES (89, 1, 541970066);
INSERT INTO `work_on_team` VALUES (89, 1, 541970074);
INSERT INTO `work_on_team` VALUES (89, 1, 541970077);
INSERT INTO `work_on_team` VALUES (90, 1, 245500007);
INSERT INTO `work_on_team` VALUES (90, 1, 245500017);
INSERT INTO `work_on_team` VALUES (90, 1, 245500023);
INSERT INTO `work_on_team` VALUES (90, 1, 245500024);
INSERT INTO `work_on_team` VALUES (90, 1, 245500025);
INSERT INTO `work_on_team` VALUES (90, 1, 245500027);
INSERT INTO `work_on_team` VALUES (90, 1, 245500041);
INSERT INTO `work_on_team` VALUES (90, 1, 245500049);
INSERT INTO `work_on_team` VALUES (90, 1, 245500050);
INSERT INTO `work_on_team` VALUES (90, 1, 541970064);
INSERT INTO `work_on_team` VALUES (90, 1, 541970069);
INSERT INTO `work_on_team` VALUES (90, 1, 541970072);
INSERT INTO `work_on_team` VALUES (90, 1, 541970075);
INSERT INTO `work_on_team` VALUES (91, 1, 245500006);
INSERT INTO `work_on_team` VALUES (91, 1, 245500007);
INSERT INTO `work_on_team` VALUES (91, 1, 245500012);
INSERT INTO `work_on_team` VALUES (91, 1, 245500029);
INSERT INTO `work_on_team` VALUES (91, 1, 245500033);
INSERT INTO `work_on_team` VALUES (91, 1, 245500039);
INSERT INTO `work_on_team` VALUES (91, 1, 541970051);
INSERT INTO `work_on_team` VALUES (91, 1, 541970059);
INSERT INTO `work_on_team` VALUES (91, 1, 541970067);
INSERT INTO `work_on_team` VALUES (91, 1, 541970070);
INSERT INTO `work_on_team` VALUES (92, 1, 245500015);
INSERT INTO `work_on_team` VALUES (92, 1, 245500043);
INSERT INTO `work_on_team` VALUES (92, 1, 245500046);
INSERT INTO `work_on_team` VALUES (92, 1, 541970063);
INSERT INTO `work_on_team` VALUES (92, 1, 541970080);
INSERT INTO `work_on_team` VALUES (93, 1, 245500004);
INSERT INTO `work_on_team` VALUES (93, 1, 245500015);
INSERT INTO `work_on_team` VALUES (93, 1, 245500046);
INSERT INTO `work_on_team` VALUES (93, 1, 245500047);
INSERT INTO `work_on_team` VALUES (93, 1, 245500050);
INSERT INTO `work_on_team` VALUES (93, 1, 541970052);
INSERT INTO `work_on_team` VALUES (93, 1, 541970056);
INSERT INTO `work_on_team` VALUES (93, 1, 541970063);
INSERT INTO `work_on_team` VALUES (93, 1, 541970072);
INSERT INTO `work_on_team` VALUES (94, 1, 245500003);
INSERT INTO `work_on_team` VALUES (94, 1, 245500006);
INSERT INTO `work_on_team` VALUES (94, 1, 245500009);
INSERT INTO `work_on_team` VALUES (94, 1, 245500017);
INSERT INTO `work_on_team` VALUES (94, 1, 245500019);
INSERT INTO `work_on_team` VALUES (94, 1, 245500023);
INSERT INTO `work_on_team` VALUES (94, 1, 245500026);
INSERT INTO `work_on_team` VALUES (94, 1, 245500042);
INSERT INTO `work_on_team` VALUES (94, 1, 245500045);
INSERT INTO `work_on_team` VALUES (94, 1, 541970055);
INSERT INTO `work_on_team` VALUES (94, 1, 541970068);
INSERT INTO `work_on_team` VALUES (94, 1, 541970069);
INSERT INTO `work_on_team` VALUES (94, 1, 541970076);
INSERT INTO `work_on_team` VALUES (94, 1, 541970078);
INSERT INTO `work_on_team` VALUES (95, 1, 245500002);
INSERT INTO `work_on_team` VALUES (95, 1, 245500003);
INSERT INTO `work_on_team` VALUES (95, 1, 245500007);
INSERT INTO `work_on_team` VALUES (95, 1, 245500019);
INSERT INTO `work_on_team` VALUES (95, 1, 245500025);
INSERT INTO `work_on_team` VALUES (95, 1, 245500026);
INSERT INTO `work_on_team` VALUES (95, 1, 245500034);
INSERT INTO `work_on_team` VALUES (95, 1, 245500038);
INSERT INTO `work_on_team` VALUES (95, 1, 541970058);
INSERT INTO `work_on_team` VALUES (95, 1, 541970062);
INSERT INTO `work_on_team` VALUES (95, 1, 541970065);
INSERT INTO `work_on_team` VALUES (96, 1, 245500002);
INSERT INTO `work_on_team` VALUES (96, 1, 245500011);
INSERT INTO `work_on_team` VALUES (96, 1, 245500014);
INSERT INTO `work_on_team` VALUES (96, 1, 245500022);
INSERT INTO `work_on_team` VALUES (96, 1, 245500042);
INSERT INTO `work_on_team` VALUES (96, 1, 245500044);
INSERT INTO `work_on_team` VALUES (96, 1, 245500047);
INSERT INTO `work_on_team` VALUES (96, 1, 245500050);
INSERT INTO `work_on_team` VALUES (96, 1, 541970062);
INSERT INTO `work_on_team` VALUES (96, 1, 541970071);
INSERT INTO `work_on_team` VALUES (96, 1, 541970080);
INSERT INTO `work_on_team` VALUES (97, 1, 245500023);
INSERT INTO `work_on_team` VALUES (97, 1, 245500033);
INSERT INTO `work_on_team` VALUES (97, 1, 245500034);
INSERT INTO `work_on_team` VALUES (97, 1, 245500049);
INSERT INTO `work_on_team` VALUES (97, 1, 541970054);
INSERT INTO `work_on_team` VALUES (97, 1, 541970057);
INSERT INTO `work_on_team` VALUES (98, 1, 245500002);
INSERT INTO `work_on_team` VALUES (98, 1, 245500015);
INSERT INTO `work_on_team` VALUES (98, 1, 245500018);
INSERT INTO `work_on_team` VALUES (98, 1, 245500025);
INSERT INTO `work_on_team` VALUES (98, 1, 245500030);
INSERT INTO `work_on_team` VALUES (98, 1, 245500032);
INSERT INTO `work_on_team` VALUES (98, 1, 245500034);
INSERT INTO `work_on_team` VALUES (98, 1, 541970055);
INSERT INTO `work_on_team` VALUES (98, 1, 541970058);
INSERT INTO `work_on_team` VALUES (98, 1, 541970060);
INSERT INTO `work_on_team` VALUES (98, 1, 541970062);
INSERT INTO `work_on_team` VALUES (98, 1, 541970076);
INSERT INTO `work_on_team` VALUES (99, 1, 245500004);
INSERT INTO `work_on_team` VALUES (99, 1, 245500008);
INSERT INTO `work_on_team` VALUES (99, 1, 245500015);
INSERT INTO `work_on_team` VALUES (99, 1, 245500017);
INSERT INTO `work_on_team` VALUES (99, 1, 245500029);
INSERT INTO `work_on_team` VALUES (99, 1, 245500032);
INSERT INTO `work_on_team` VALUES (99, 1, 245500033);
INSERT INTO `work_on_team` VALUES (99, 1, 245500036);
INSERT INTO `work_on_team` VALUES (99, 1, 245500049);
INSERT INTO `work_on_team` VALUES (99, 1, 541970051);
INSERT INTO `work_on_team` VALUES (99, 1, 541970064);
INSERT INTO `work_on_team` VALUES (99, 1, 541970073);
INSERT INTO `work_on_team` VALUES (99, 1, 541970076);
INSERT INTO `work_on_team` VALUES (100, 1, 245500002);
INSERT INTO `work_on_team` VALUES (100, 1, 245500010);
INSERT INTO `work_on_team` VALUES (100, 1, 245500018);
INSERT INTO `work_on_team` VALUES (100, 1, 245500019);
INSERT INTO `work_on_team` VALUES (100, 1, 245500027);
INSERT INTO `work_on_team` VALUES (100, 1, 245500048);
INSERT INTO `work_on_team` VALUES (100, 1, 541970055);
INSERT INTO `work_on_team` VALUES (100, 1, 541970058);
INSERT INTO `work_on_team` VALUES (100, 1, 541970059);
INSERT INTO `work_on_team` VALUES (100, 1, 541970061);
INSERT INTO `work_on_team` VALUES (100, 1, 541970064);
INSERT INTO `work_on_team` VALUES (100, 1, 541970078);
INSERT INTO `work_on_team` VALUES (1, 2, 245500006);
INSERT INTO `work_on_team` VALUES (1, 2, 245500008);
INSERT INTO `work_on_team` VALUES (1, 2, 245500010);
INSERT INTO `work_on_team` VALUES (1, 2, 245500012);
INSERT INTO `work_on_team` VALUES (1, 2, 245500030);
INSERT INTO `work_on_team` VALUES (1, 2, 245500041);
INSERT INTO `work_on_team` VALUES (1, 2, 245500042);
INSERT INTO `work_on_team` VALUES (1, 2, 245500049);
INSERT INTO `work_on_team` VALUES (1, 2, 245500050);
INSERT INTO `work_on_team` VALUES (1, 2, 541970055);
INSERT INTO `work_on_team` VALUES (1, 2, 541970056);
INSERT INTO `work_on_team` VALUES (1, 2, 541970059);
INSERT INTO `work_on_team` VALUES (1, 2, 541970060);
INSERT INTO `work_on_team` VALUES (1, 2, 541970061);
INSERT INTO `work_on_team` VALUES (2, 2, 245500002);
INSERT INTO `work_on_team` VALUES (2, 2, 245500005);
INSERT INTO `work_on_team` VALUES (2, 2, 245500028);
INSERT INTO `work_on_team` VALUES (2, 2, 245500031);
INSERT INTO `work_on_team` VALUES (2, 2, 541970056);
INSERT INTO `work_on_team` VALUES (2, 2, 541970067);
INSERT INTO `work_on_team` VALUES (3, 2, 245500014);
INSERT INTO `work_on_team` VALUES (3, 2, 245500019);
INSERT INTO `work_on_team` VALUES (3, 2, 245500022);
INSERT INTO `work_on_team` VALUES (3, 2, 245500024);
INSERT INTO `work_on_team` VALUES (3, 2, 245500030);
INSERT INTO `work_on_team` VALUES (3, 2, 245500034);
INSERT INTO `work_on_team` VALUES (3, 2, 245500041);
INSERT INTO `work_on_team` VALUES (3, 2, 245500047);
INSERT INTO `work_on_team` VALUES (3, 2, 245500048);
INSERT INTO `work_on_team` VALUES (3, 2, 541970062);
INSERT INTO `work_on_team` VALUES (3, 2, 541970075);
INSERT INTO `work_on_team` VALUES (3, 2, 541970077);
INSERT INTO `work_on_team` VALUES (4, 2, 245500001);
INSERT INTO `work_on_team` VALUES (4, 2, 245500002);
INSERT INTO `work_on_team` VALUES (4, 2, 245500012);
INSERT INTO `work_on_team` VALUES (4, 2, 245500016);
INSERT INTO `work_on_team` VALUES (4, 2, 245500043);
INSERT INTO `work_on_team` VALUES (5, 2, 245500010);
INSERT INTO `work_on_team` VALUES (5, 2, 245500011);
INSERT INTO `work_on_team` VALUES (5, 2, 245500014);
INSERT INTO `work_on_team` VALUES (5, 2, 245500022);
INSERT INTO `work_on_team` VALUES (5, 2, 245500023);
INSERT INTO `work_on_team` VALUES (5, 2, 245500032);
INSERT INTO `work_on_team` VALUES (5, 2, 245500050);
INSERT INTO `work_on_team` VALUES (5, 2, 541970065);
INSERT INTO `work_on_team` VALUES (5, 2, 541970071);
INSERT INTO `work_on_team` VALUES (5, 2, 541970074);
INSERT INTO `work_on_team` VALUES (5, 2, 541970079);
INSERT INTO `work_on_team` VALUES (6, 2, 245500009);
INSERT INTO `work_on_team` VALUES (6, 2, 245500030);
INSERT INTO `work_on_team` VALUES (6, 2, 245500040);
INSERT INTO `work_on_team` VALUES (6, 2, 245500043);
INSERT INTO `work_on_team` VALUES (6, 2, 541970053);
INSERT INTO `work_on_team` VALUES (6, 2, 541970056);
INSERT INTO `work_on_team` VALUES (6, 2, 541970061);
INSERT INTO `work_on_team` VALUES (6, 2, 541970062);
INSERT INTO `work_on_team` VALUES (6, 2, 541970065);
INSERT INTO `work_on_team` VALUES (6, 2, 541970071);
INSERT INTO `work_on_team` VALUES (6, 2, 541970072);
INSERT INTO `work_on_team` VALUES (6, 2, 541970073);
INSERT INTO `work_on_team` VALUES (7, 2, 245500005);
INSERT INTO `work_on_team` VALUES (7, 2, 245500008);
INSERT INTO `work_on_team` VALUES (7, 2, 245500010);
INSERT INTO `work_on_team` VALUES (7, 2, 245500038);
INSERT INTO `work_on_team` VALUES (7, 2, 245500041);
INSERT INTO `work_on_team` VALUES (7, 2, 541970052);
INSERT INTO `work_on_team` VALUES (7, 2, 541970064);
INSERT INTO `work_on_team` VALUES (7, 2, 541970067);
INSERT INTO `work_on_team` VALUES (8, 2, 245500011);
INSERT INTO `work_on_team` VALUES (8, 2, 245500015);
INSERT INTO `work_on_team` VALUES (8, 2, 245500018);
INSERT INTO `work_on_team` VALUES (8, 2, 245500027);
INSERT INTO `work_on_team` VALUES (8, 2, 245500028);
INSERT INTO `work_on_team` VALUES (8, 2, 245500039);
INSERT INTO `work_on_team` VALUES (8, 2, 245500050);
INSERT INTO `work_on_team` VALUES (8, 2, 541970056);
INSERT INTO `work_on_team` VALUES (8, 2, 541970069);
INSERT INTO `work_on_team` VALUES (8, 2, 541970071);
INSERT INTO `work_on_team` VALUES (8, 2, 541970076);
INSERT INTO `work_on_team` VALUES (8, 2, 541970077);
INSERT INTO `work_on_team` VALUES (9, 2, 245500004);
INSERT INTO `work_on_team` VALUES (9, 2, 245500006);
INSERT INTO `work_on_team` VALUES (9, 2, 245500007);
INSERT INTO `work_on_team` VALUES (9, 2, 245500012);
INSERT INTO `work_on_team` VALUES (9, 2, 245500014);
INSERT INTO `work_on_team` VALUES (9, 2, 245500029);
INSERT INTO `work_on_team` VALUES (9, 2, 245500039);
INSERT INTO `work_on_team` VALUES (9, 2, 245500045);
INSERT INTO `work_on_team` VALUES (9, 2, 245500046);
INSERT INTO `work_on_team` VALUES (9, 2, 541970051);
INSERT INTO `work_on_team` VALUES (9, 2, 541970052);
INSERT INTO `work_on_team` VALUES (9, 2, 541970065);
INSERT INTO `work_on_team` VALUES (9, 2, 541970073);
INSERT INTO `work_on_team` VALUES (10, 2, 245500004);
INSERT INTO `work_on_team` VALUES (10, 2, 245500015);
INSERT INTO `work_on_team` VALUES (10, 2, 245500028);
INSERT INTO `work_on_team` VALUES (10, 2, 245500046);
INSERT INTO `work_on_team` VALUES (10, 2, 541970067);
INSERT INTO `work_on_team` VALUES (10, 2, 541970068);
INSERT INTO `work_on_team` VALUES (11, 2, 245500006);
INSERT INTO `work_on_team` VALUES (11, 2, 245500019);
INSERT INTO `work_on_team` VALUES (11, 2, 245500050);
INSERT INTO `work_on_team` VALUES (11, 2, 541970051);
INSERT INTO `work_on_team` VALUES (11, 2, 541970053);
INSERT INTO `work_on_team` VALUES (11, 2, 541970058);
INSERT INTO `work_on_team` VALUES (11, 2, 541970064);
INSERT INTO `work_on_team` VALUES (11, 2, 541970067);
INSERT INTO `work_on_team` VALUES (11, 2, 541970071);
INSERT INTO `work_on_team` VALUES (13, 2, 245500003);
INSERT INTO `work_on_team` VALUES (13, 2, 245500013);
INSERT INTO `work_on_team` VALUES (13, 2, 245500018);
INSERT INTO `work_on_team` VALUES (13, 2, 245500043);
INSERT INTO `work_on_team` VALUES (13, 2, 245500050);
INSERT INTO `work_on_team` VALUES (13, 2, 541970051);
INSERT INTO `work_on_team` VALUES (13, 2, 541970055);
INSERT INTO `work_on_team` VALUES (13, 2, 541970060);
INSERT INTO `work_on_team` VALUES (13, 2, 541970065);
INSERT INTO `work_on_team` VALUES (13, 2, 541970070);
INSERT INTO `work_on_team` VALUES (13, 2, 541970071);
INSERT INTO `work_on_team` VALUES (13, 2, 541970076);
INSERT INTO `work_on_team` VALUES (13, 2, 541970078);
INSERT INTO `work_on_team` VALUES (13, 2, 541970080);
INSERT INTO `work_on_team` VALUES (14, 2, 245500006);
INSERT INTO `work_on_team` VALUES (14, 2, 245500020);
INSERT INTO `work_on_team` VALUES (14, 2, 245500031);
INSERT INTO `work_on_team` VALUES (14, 2, 245500032);
INSERT INTO `work_on_team` VALUES (14, 2, 245500033);
INSERT INTO `work_on_team` VALUES (14, 2, 245500038);
INSERT INTO `work_on_team` VALUES (14, 2, 245500046);
INSERT INTO `work_on_team` VALUES (14, 2, 541970054);
INSERT INTO `work_on_team` VALUES (14, 2, 541970056);
INSERT INTO `work_on_team` VALUES (14, 2, 541970062);
INSERT INTO `work_on_team` VALUES (15, 2, 245500014);
INSERT INTO `work_on_team` VALUES (15, 2, 245500021);
INSERT INTO `work_on_team` VALUES (15, 2, 245500023);
INSERT INTO `work_on_team` VALUES (15, 2, 245500029);
INSERT INTO `work_on_team` VALUES (15, 2, 245500030);
INSERT INTO `work_on_team` VALUES (15, 2, 245500042);
INSERT INTO `work_on_team` VALUES (15, 2, 245500047);
INSERT INTO `work_on_team` VALUES (15, 2, 245500048);
INSERT INTO `work_on_team` VALUES (15, 2, 541970055);
INSERT INTO `work_on_team` VALUES (15, 2, 541970065);
INSERT INTO `work_on_team` VALUES (15, 2, 541970080);
INSERT INTO `work_on_team` VALUES (16, 2, 245500006);
INSERT INTO `work_on_team` VALUES (16, 2, 245500010);
INSERT INTO `work_on_team` VALUES (16, 2, 245500011);
INSERT INTO `work_on_team` VALUES (16, 2, 245500032);
INSERT INTO `work_on_team` VALUES (16, 2, 245500033);
INSERT INTO `work_on_team` VALUES (16, 2, 245500036);
INSERT INTO `work_on_team` VALUES (16, 2, 245500039);
INSERT INTO `work_on_team` VALUES (16, 2, 245500044);
INSERT INTO `work_on_team` VALUES (16, 2, 245500045);
INSERT INTO `work_on_team` VALUES (16, 2, 245500048);
INSERT INTO `work_on_team` VALUES (16, 2, 541970057);
INSERT INTO `work_on_team` VALUES (16, 2, 541970058);
INSERT INTO `work_on_team` VALUES (16, 2, 541970065);
INSERT INTO `work_on_team` VALUES (16, 2, 541970067);
INSERT INTO `work_on_team` VALUES (16, 2, 541970073);
INSERT INTO `work_on_team` VALUES (17, 2, 245500015);
INSERT INTO `work_on_team` VALUES (17, 2, 245500021);
INSERT INTO `work_on_team` VALUES (17, 2, 245500022);
INSERT INTO `work_on_team` VALUES (17, 2, 245500034);
INSERT INTO `work_on_team` VALUES (17, 2, 245500038);
INSERT INTO `work_on_team` VALUES (17, 2, 245500039);
INSERT INTO `work_on_team` VALUES (19, 2, 245500009);
INSERT INTO `work_on_team` VALUES (19, 2, 245500049);
INSERT INTO `work_on_team` VALUES (19, 2, 541970054);
INSERT INTO `work_on_team` VALUES (19, 2, 541970056);
INSERT INTO `work_on_team` VALUES (19, 2, 541970060);
INSERT INTO `work_on_team` VALUES (20, 2, 245500010);
INSERT INTO `work_on_team` VALUES (20, 2, 245500021);
INSERT INTO `work_on_team` VALUES (20, 2, 245500028);
INSERT INTO `work_on_team` VALUES (20, 2, 245500029);
INSERT INTO `work_on_team` VALUES (20, 2, 245500041);
INSERT INTO `work_on_team` VALUES (20, 2, 245500042);
INSERT INTO `work_on_team` VALUES (20, 2, 541970056);
INSERT INTO `work_on_team` VALUES (20, 2, 541970059);
INSERT INTO `work_on_team` VALUES (20, 2, 541970065);
INSERT INTO `work_on_team` VALUES (20, 2, 541970067);
INSERT INTO `work_on_team` VALUES (21, 2, 245500022);
INSERT INTO `work_on_team` VALUES (21, 2, 245500033);
INSERT INTO `work_on_team` VALUES (21, 2, 245500038);
INSERT INTO `work_on_team` VALUES (21, 2, 245500039);
INSERT INTO `work_on_team` VALUES (21, 2, 541970073);
INSERT INTO `work_on_team` VALUES (23, 2, 245500010);
INSERT INTO `work_on_team` VALUES (23, 2, 245500014);
INSERT INTO `work_on_team` VALUES (23, 2, 245500018);
INSERT INTO `work_on_team` VALUES (23, 2, 245500024);
INSERT INTO `work_on_team` VALUES (23, 2, 245500041);
INSERT INTO `work_on_team` VALUES (23, 2, 245500049);
INSERT INTO `work_on_team` VALUES (23, 2, 541970052);
INSERT INTO `work_on_team` VALUES (23, 2, 541970069);
INSERT INTO `work_on_team` VALUES (23, 2, 541970079);
INSERT INTO `work_on_team` VALUES (24, 2, 245500001);
INSERT INTO `work_on_team` VALUES (24, 2, 245500018);
INSERT INTO `work_on_team` VALUES (24, 2, 245500023);
INSERT INTO `work_on_team` VALUES (24, 2, 245500025);
INSERT INTO `work_on_team` VALUES (24, 2, 245500027);
INSERT INTO `work_on_team` VALUES (24, 2, 245500043);
INSERT INTO `work_on_team` VALUES (24, 2, 245500044);
INSERT INTO `work_on_team` VALUES (24, 2, 541970057);
INSERT INTO `work_on_team` VALUES (24, 2, 541970061);
INSERT INTO `work_on_team` VALUES (24, 2, 541970063);
INSERT INTO `work_on_team` VALUES (24, 2, 541970078);
INSERT INTO `work_on_team` VALUES (24, 2, 541970079);
INSERT INTO `work_on_team` VALUES (25, 2, 245500004);
INSERT INTO `work_on_team` VALUES (25, 2, 245500008);
INSERT INTO `work_on_team` VALUES (25, 2, 245500018);
INSERT INTO `work_on_team` VALUES (25, 2, 245500022);
INSERT INTO `work_on_team` VALUES (25, 2, 245500031);
INSERT INTO `work_on_team` VALUES (25, 2, 245500040);
INSERT INTO `work_on_team` VALUES (25, 2, 245500041);
INSERT INTO `work_on_team` VALUES (25, 2, 541970051);
INSERT INTO `work_on_team` VALUES (25, 2, 541970061);
INSERT INTO `work_on_team` VALUES (25, 2, 541970071);
INSERT INTO `work_on_team` VALUES (25, 2, 541970073);
INSERT INTO `work_on_team` VALUES (26, 2, 245500008);
INSERT INTO `work_on_team` VALUES (26, 2, 245500019);
INSERT INTO `work_on_team` VALUES (26, 2, 245500028);
INSERT INTO `work_on_team` VALUES (26, 2, 245500032);
INSERT INTO `work_on_team` VALUES (26, 2, 245500045);
INSERT INTO `work_on_team` VALUES (26, 2, 245500050);
INSERT INTO `work_on_team` VALUES (26, 2, 541970062);
INSERT INTO `work_on_team` VALUES (26, 2, 541970063);
INSERT INTO `work_on_team` VALUES (26, 2, 541970072);
INSERT INTO `work_on_team` VALUES (26, 2, 541970073);
INSERT INTO `work_on_team` VALUES (26, 2, 541970074);
INSERT INTO `work_on_team` VALUES (26, 2, 541970079);
INSERT INTO `work_on_team` VALUES (27, 2, 245500037);
INSERT INTO `work_on_team` VALUES (27, 2, 245500040);
INSERT INTO `work_on_team` VALUES (27, 2, 245500047);
INSERT INTO `work_on_team` VALUES (27, 2, 541970059);
INSERT INTO `work_on_team` VALUES (27, 2, 541970067);
INSERT INTO `work_on_team` VALUES (28, 2, 245500014);
INSERT INTO `work_on_team` VALUES (28, 2, 245500022);
INSERT INTO `work_on_team` VALUES (28, 2, 245500036);
INSERT INTO `work_on_team` VALUES (28, 2, 245500037);
INSERT INTO `work_on_team` VALUES (28, 2, 245500039);
INSERT INTO `work_on_team` VALUES (28, 2, 541970067);
INSERT INTO `work_on_team` VALUES (28, 2, 541970069);
INSERT INTO `work_on_team` VALUES (28, 2, 541970076);
INSERT INTO `work_on_team` VALUES (28, 2, 541970077);
INSERT INTO `work_on_team` VALUES (30, 2, 245500003);
INSERT INTO `work_on_team` VALUES (30, 2, 245500014);
INSERT INTO `work_on_team` VALUES (30, 2, 245500016);
INSERT INTO `work_on_team` VALUES (30, 2, 245500018);
INSERT INTO `work_on_team` VALUES (30, 2, 245500030);
INSERT INTO `work_on_team` VALUES (30, 2, 245500031);
INSERT INTO `work_on_team` VALUES (30, 2, 245500032);
INSERT INTO `work_on_team` VALUES (30, 2, 245500033);
INSERT INTO `work_on_team` VALUES (30, 2, 245500035);
INSERT INTO `work_on_team` VALUES (30, 2, 245500043);
INSERT INTO `work_on_team` VALUES (30, 2, 541970053);
INSERT INTO `work_on_team` VALUES (30, 2, 541970057);
INSERT INTO `work_on_team` VALUES (30, 2, 541970061);
INSERT INTO `work_on_team` VALUES (30, 2, 541970071);
INSERT INTO `work_on_team` VALUES (31, 2, 245500004);
INSERT INTO `work_on_team` VALUES (31, 2, 245500010);
INSERT INTO `work_on_team` VALUES (31, 2, 245500013);
INSERT INTO `work_on_team` VALUES (31, 2, 245500027);
INSERT INTO `work_on_team` VALUES (31, 2, 245500039);
INSERT INTO `work_on_team` VALUES (31, 2, 245500041);
INSERT INTO `work_on_team` VALUES (31, 2, 245500042);
INSERT INTO `work_on_team` VALUES (31, 2, 541970055);
INSERT INTO `work_on_team` VALUES (31, 2, 541970065);
INSERT INTO `work_on_team` VALUES (31, 2, 541970066);
INSERT INTO `work_on_team` VALUES (31, 2, 541970070);
INSERT INTO `work_on_team` VALUES (32, 2, 245500009);
INSERT INTO `work_on_team` VALUES (32, 2, 245500019);
INSERT INTO `work_on_team` VALUES (32, 2, 245500025);
INSERT INTO `work_on_team` VALUES (32, 2, 245500029);
INSERT INTO `work_on_team` VALUES (32, 2, 245500037);
INSERT INTO `work_on_team` VALUES (32, 2, 541970065);
INSERT INTO `work_on_team` VALUES (32, 2, 541970076);
INSERT INTO `work_on_team` VALUES (33, 2, 245500008);
INSERT INTO `work_on_team` VALUES (33, 2, 245500032);
INSERT INTO `work_on_team` VALUES (33, 2, 245500036);
INSERT INTO `work_on_team` VALUES (33, 2, 245500037);
INSERT INTO `work_on_team` VALUES (33, 2, 245500038);
INSERT INTO `work_on_team` VALUES (33, 2, 245500039);
INSERT INTO `work_on_team` VALUES (33, 2, 541970058);
INSERT INTO `work_on_team` VALUES (33, 2, 541970071);
INSERT INTO `work_on_team` VALUES (33, 2, 541970076);
INSERT INTO `work_on_team` VALUES (34, 2, 245500019);
INSERT INTO `work_on_team` VALUES (34, 2, 245500033);
INSERT INTO `work_on_team` VALUES (34, 2, 245500048);
INSERT INTO `work_on_team` VALUES (34, 2, 245500050);
INSERT INTO `work_on_team` VALUES (34, 2, 541970053);
INSERT INTO `work_on_team` VALUES (34, 2, 541970070);
INSERT INTO `work_on_team` VALUES (34, 2, 541970079);
INSERT INTO `work_on_team` VALUES (35, 2, 245500006);
INSERT INTO `work_on_team` VALUES (35, 2, 245500026);
INSERT INTO `work_on_team` VALUES (35, 2, 245500032);
INSERT INTO `work_on_team` VALUES (35, 2, 245500034);
INSERT INTO `work_on_team` VALUES (35, 2, 245500035);
INSERT INTO `work_on_team` VALUES (35, 2, 245500047);
INSERT INTO `work_on_team` VALUES (35, 2, 245500048);
INSERT INTO `work_on_team` VALUES (35, 2, 245500049);
INSERT INTO `work_on_team` VALUES (35, 2, 245500050);
INSERT INTO `work_on_team` VALUES (35, 2, 541970051);
INSERT INTO `work_on_team` VALUES (35, 2, 541970060);
INSERT INTO `work_on_team` VALUES (35, 2, 541970076);
INSERT INTO `work_on_team` VALUES (35, 2, 541970078);
INSERT INTO `work_on_team` VALUES (35, 2, 541970080);
INSERT INTO `work_on_team` VALUES (37, 2, 245500023);
INSERT INTO `work_on_team` VALUES (37, 2, 245500024);
INSERT INTO `work_on_team` VALUES (37, 2, 245500033);
INSERT INTO `work_on_team` VALUES (37, 2, 245500048);
INSERT INTO `work_on_team` VALUES (37, 2, 541970058);
INSERT INTO `work_on_team` VALUES (37, 2, 541970075);
INSERT INTO `work_on_team` VALUES (40, 2, 245500001);
INSERT INTO `work_on_team` VALUES (40, 2, 245500007);
INSERT INTO `work_on_team` VALUES (40, 2, 245500008);
INSERT INTO `work_on_team` VALUES (40, 2, 245500010);
INSERT INTO `work_on_team` VALUES (40, 2, 541970056);
INSERT INTO `work_on_team` VALUES (40, 2, 541970059);
INSERT INTO `work_on_team` VALUES (40, 2, 541970071);
INSERT INTO `work_on_team` VALUES (40, 2, 541970079);
INSERT INTO `work_on_team` VALUES (43, 2, 245500015);
INSERT INTO `work_on_team` VALUES (43, 2, 245500022);
INSERT INTO `work_on_team` VALUES (43, 2, 245500049);
INSERT INTO `work_on_team` VALUES (43, 2, 541970053);
INSERT INTO `work_on_team` VALUES (43, 2, 541970056);
INSERT INTO `work_on_team` VALUES (43, 2, 541970059);
INSERT INTO `work_on_team` VALUES (43, 2, 541970060);
INSERT INTO `work_on_team` VALUES (43, 2, 541970061);
INSERT INTO `work_on_team` VALUES (43, 2, 541970065);
INSERT INTO `work_on_team` VALUES (43, 2, 541970066);
INSERT INTO `work_on_team` VALUES (43, 2, 541970067);
INSERT INTO `work_on_team` VALUES (43, 2, 541970075);
INSERT INTO `work_on_team` VALUES (44, 2, 245500002);
INSERT INTO `work_on_team` VALUES (44, 2, 245500004);
INSERT INTO `work_on_team` VALUES (44, 2, 245500011);
INSERT INTO `work_on_team` VALUES (44, 2, 245500012);
INSERT INTO `work_on_team` VALUES (44, 2, 245500017);
INSERT INTO `work_on_team` VALUES (44, 2, 245500029);
INSERT INTO `work_on_team` VALUES (44, 2, 245500032);
INSERT INTO `work_on_team` VALUES (44, 2, 245500043);
INSERT INTO `work_on_team` VALUES (44, 2, 245500048);
INSERT INTO `work_on_team` VALUES (44, 2, 541970057);
INSERT INTO `work_on_team` VALUES (44, 2, 541970071);
INSERT INTO `work_on_team` VALUES (44, 2, 541970080);
INSERT INTO `work_on_team` VALUES (46, 2, 245500035);
INSERT INTO `work_on_team` VALUES (46, 2, 245500042);
INSERT INTO `work_on_team` VALUES (46, 2, 245500046);
INSERT INTO `work_on_team` VALUES (46, 2, 541970051);
INSERT INTO `work_on_team` VALUES (46, 2, 541970053);
INSERT INTO `work_on_team` VALUES (46, 2, 541970062);
INSERT INTO `work_on_team` VALUES (46, 2, 541970063);
INSERT INTO `work_on_team` VALUES (46, 2, 541970064);
INSERT INTO `work_on_team` VALUES (47, 2, 245500006);
INSERT INTO `work_on_team` VALUES (47, 2, 245500007);
INSERT INTO `work_on_team` VALUES (47, 2, 245500020);
INSERT INTO `work_on_team` VALUES (47, 2, 541970056);
INSERT INTO `work_on_team` VALUES (47, 2, 541970071);
INSERT INTO `work_on_team` VALUES (47, 2, 541970079);
INSERT INTO `work_on_team` VALUES (48, 2, 245500007);
INSERT INTO `work_on_team` VALUES (48, 2, 245500025);
INSERT INTO `work_on_team` VALUES (48, 2, 245500032);
INSERT INTO `work_on_team` VALUES (48, 2, 245500036);
INSERT INTO `work_on_team` VALUES (48, 2, 245500039);
INSERT INTO `work_on_team` VALUES (48, 2, 245500048);
INSERT INTO `work_on_team` VALUES (48, 2, 541970056);
INSERT INTO `work_on_team` VALUES (48, 2, 541970057);
INSERT INTO `work_on_team` VALUES (48, 2, 541970066);
INSERT INTO `work_on_team` VALUES (48, 2, 541970068);
INSERT INTO `work_on_team` VALUES (48, 2, 541970074);
INSERT INTO `work_on_team` VALUES (48, 2, 541970075);
INSERT INTO `work_on_team` VALUES (48, 2, 541970076);
INSERT INTO `work_on_team` VALUES (48, 2, 541970078);
INSERT INTO `work_on_team` VALUES (49, 2, 245500003);
INSERT INTO `work_on_team` VALUES (49, 2, 245500010);
INSERT INTO `work_on_team` VALUES (49, 2, 245500012);
INSERT INTO `work_on_team` VALUES (49, 2, 245500018);
INSERT INTO `work_on_team` VALUES (49, 2, 245500020);
INSERT INTO `work_on_team` VALUES (49, 2, 541970055);
INSERT INTO `work_on_team` VALUES (49, 2, 541970062);
INSERT INTO `work_on_team` VALUES (49, 2, 541970077);
INSERT INTO `work_on_team` VALUES (49, 2, 541970078);
INSERT INTO `work_on_team` VALUES (51, 2, 245500024);
INSERT INTO `work_on_team` VALUES (51, 2, 245500032);
INSERT INTO `work_on_team` VALUES (51, 2, 245500039);
INSERT INTO `work_on_team` VALUES (51, 2, 541970068);
INSERT INTO `work_on_team` VALUES (51, 2, 541970078);
INSERT INTO `work_on_team` VALUES (52, 2, 245500002);
INSERT INTO `work_on_team` VALUES (52, 2, 245500004);
INSERT INTO `work_on_team` VALUES (52, 2, 245500018);
INSERT INTO `work_on_team` VALUES (52, 2, 245500020);
INSERT INTO `work_on_team` VALUES (52, 2, 245500024);
INSERT INTO `work_on_team` VALUES (52, 2, 245500030);
INSERT INTO `work_on_team` VALUES (52, 2, 245500031);
INSERT INTO `work_on_team` VALUES (52, 2, 245500032);
INSERT INTO `work_on_team` VALUES (52, 2, 245500047);
INSERT INTO `work_on_team` VALUES (52, 2, 541970056);
INSERT INTO `work_on_team` VALUES (52, 2, 541970058);
INSERT INTO `work_on_team` VALUES (52, 2, 541970064);
INSERT INTO `work_on_team` VALUES (52, 2, 541970065);
INSERT INTO `work_on_team` VALUES (52, 2, 541970069);
INSERT INTO `work_on_team` VALUES (52, 2, 541970070);
INSERT INTO `work_on_team` VALUES (54, 2, 245500005);
INSERT INTO `work_on_team` VALUES (54, 2, 245500009);
INSERT INTO `work_on_team` VALUES (54, 2, 245500016);
INSERT INTO `work_on_team` VALUES (54, 2, 245500017);
INSERT INTO `work_on_team` VALUES (54, 2, 245500025);
INSERT INTO `work_on_team` VALUES (54, 2, 541970052);
INSERT INTO `work_on_team` VALUES (54, 2, 541970062);
INSERT INTO `work_on_team` VALUES (54, 2, 541970065);
INSERT INTO `work_on_team` VALUES (54, 2, 541970066);
INSERT INTO `work_on_team` VALUES (54, 2, 541970075);
INSERT INTO `work_on_team` VALUES (54, 2, 541970077);
INSERT INTO `work_on_team` VALUES (56, 2, 245500002);
INSERT INTO `work_on_team` VALUES (56, 2, 245500006);
INSERT INTO `work_on_team` VALUES (56, 2, 245500014);
INSERT INTO `work_on_team` VALUES (56, 2, 245500019);
INSERT INTO `work_on_team` VALUES (56, 2, 245500027);
INSERT INTO `work_on_team` VALUES (56, 2, 245500030);
INSERT INTO `work_on_team` VALUES (56, 2, 245500031);
INSERT INTO `work_on_team` VALUES (56, 2, 245500045);
INSERT INTO `work_on_team` VALUES (56, 2, 541970063);
INSERT INTO `work_on_team` VALUES (56, 2, 541970074);
INSERT INTO `work_on_team` VALUES (57, 2, 245500013);
INSERT INTO `work_on_team` VALUES (57, 2, 245500035);
INSERT INTO `work_on_team` VALUES (57, 2, 245500042);
INSERT INTO `work_on_team` VALUES (57, 2, 541970052);
INSERT INTO `work_on_team` VALUES (57, 2, 541970053);
INSERT INTO `work_on_team` VALUES (57, 2, 541970057);
INSERT INTO `work_on_team` VALUES (57, 2, 541970080);
INSERT INTO `work_on_team` VALUES (57, 2, 541970081);
INSERT INTO `work_on_team` VALUES (58, 2, 245500013);
INSERT INTO `work_on_team` VALUES (58, 2, 245500017);
INSERT INTO `work_on_team` VALUES (58, 2, 245500025);
INSERT INTO `work_on_team` VALUES (58, 2, 245500028);
INSERT INTO `work_on_team` VALUES (58, 2, 245500029);
INSERT INTO `work_on_team` VALUES (58, 2, 245500030);
INSERT INTO `work_on_team` VALUES (58, 2, 245500044);
INSERT INTO `work_on_team` VALUES (58, 2, 245500046);
INSERT INTO `work_on_team` VALUES (58, 2, 541970056);
INSERT INTO `work_on_team` VALUES (58, 2, 541970062);
INSERT INTO `work_on_team` VALUES (58, 2, 541970065);
INSERT INTO `work_on_team` VALUES (58, 2, 541970066);
INSERT INTO `work_on_team` VALUES (58, 2, 541970074);
INSERT INTO `work_on_team` VALUES (58, 2, 541970075);
INSERT INTO `work_on_team` VALUES (60, 2, 245500019);
INSERT INTO `work_on_team` VALUES (60, 2, 245500027);
INSERT INTO `work_on_team` VALUES (60, 2, 245500028);
INSERT INTO `work_on_team` VALUES (60, 2, 245500029);
INSERT INTO `work_on_team` VALUES (60, 2, 245500045);
INSERT INTO `work_on_team` VALUES (60, 2, 541970070);
INSERT INTO `work_on_team` VALUES (60, 2, 541970071);
INSERT INTO `work_on_team` VALUES (60, 2, 541970073);
INSERT INTO `work_on_team` VALUES (60, 2, 541970074);
INSERT INTO `work_on_team` VALUES (60, 2, 541970076);
INSERT INTO `work_on_team` VALUES (60, 2, 541970080);
INSERT INTO `work_on_team` VALUES (62, 2, 245500009);
INSERT INTO `work_on_team` VALUES (62, 2, 541970057);
INSERT INTO `work_on_team` VALUES (62, 2, 541970064);
INSERT INTO `work_on_team` VALUES (62, 2, 541970068);
INSERT INTO `work_on_team` VALUES (62, 2, 541970071);
INSERT INTO `work_on_team` VALUES (64, 2, 245500013);
INSERT INTO `work_on_team` VALUES (64, 2, 245500016);
INSERT INTO `work_on_team` VALUES (64, 2, 245500022);
INSERT INTO `work_on_team` VALUES (64, 2, 245500024);
INSERT INTO `work_on_team` VALUES (64, 2, 245500033);
INSERT INTO `work_on_team` VALUES (64, 2, 245500047);
INSERT INTO `work_on_team` VALUES (64, 2, 541970064);
INSERT INTO `work_on_team` VALUES (65, 2, 245500011);
INSERT INTO `work_on_team` VALUES (65, 2, 245500021);
INSERT INTO `work_on_team` VALUES (65, 2, 245500023);
INSERT INTO `work_on_team` VALUES (65, 2, 245500042);
INSERT INTO `work_on_team` VALUES (65, 2, 541970059);
INSERT INTO `work_on_team` VALUES (65, 2, 541970063);
INSERT INTO `work_on_team` VALUES (65, 2, 541970077);
INSERT INTO `work_on_team` VALUES (66, 2, 245500021);
INSERT INTO `work_on_team` VALUES (66, 2, 245500030);
INSERT INTO `work_on_team` VALUES (66, 2, 245500033);
INSERT INTO `work_on_team` VALUES (66, 2, 245500034);
INSERT INTO `work_on_team` VALUES (66, 2, 245500045);
INSERT INTO `work_on_team` VALUES (66, 2, 541970052);
INSERT INTO `work_on_team` VALUES (66, 2, 541970057);
INSERT INTO `work_on_team` VALUES (66, 2, 541970060);
INSERT INTO `work_on_team` VALUES (66, 2, 541970064);
INSERT INTO `work_on_team` VALUES (66, 2, 541970075);
INSERT INTO `work_on_team` VALUES (66, 2, 541970079);
INSERT INTO `work_on_team` VALUES (67, 2, 245500005);
INSERT INTO `work_on_team` VALUES (67, 2, 245500012);
INSERT INTO `work_on_team` VALUES (67, 2, 245500013);
INSERT INTO `work_on_team` VALUES (67, 2, 245500026);
INSERT INTO `work_on_team` VALUES (67, 2, 245500032);
INSERT INTO `work_on_team` VALUES (67, 2, 245500046);
INSERT INTO `work_on_team` VALUES (67, 2, 541970060);
INSERT INTO `work_on_team` VALUES (67, 2, 541970066);
INSERT INTO `work_on_team` VALUES (67, 2, 541970071);
INSERT INTO `work_on_team` VALUES (70, 2, 245500002);
INSERT INTO `work_on_team` VALUES (70, 2, 245500003);
INSERT INTO `work_on_team` VALUES (70, 2, 245500006);
INSERT INTO `work_on_team` VALUES (70, 2, 245500007);
INSERT INTO `work_on_team` VALUES (70, 2, 245500020);
INSERT INTO `work_on_team` VALUES (70, 2, 245500021);
INSERT INTO `work_on_team` VALUES (70, 2, 245500025);
INSERT INTO `work_on_team` VALUES (70, 2, 245500034);
INSERT INTO `work_on_team` VALUES (70, 2, 541970052);
INSERT INTO `work_on_team` VALUES (70, 2, 541970056);
INSERT INTO `work_on_team` VALUES (70, 2, 541970067);
INSERT INTO `work_on_team` VALUES (70, 2, 541970074);
INSERT INTO `work_on_team` VALUES (70, 2, 541970078);
INSERT INTO `work_on_team` VALUES (70, 2, 541970079);
INSERT INTO `work_on_team` VALUES (71, 2, 245500001);
INSERT INTO `work_on_team` VALUES (71, 2, 245500006);
INSERT INTO `work_on_team` VALUES (71, 2, 245500014);
INSERT INTO `work_on_team` VALUES (71, 2, 245500016);
INSERT INTO `work_on_team` VALUES (71, 2, 245500028);
INSERT INTO `work_on_team` VALUES (71, 2, 245500033);
INSERT INTO `work_on_team` VALUES (71, 2, 245500034);
INSERT INTO `work_on_team` VALUES (71, 2, 245500042);
INSERT INTO `work_on_team` VALUES (71, 2, 245500047);
INSERT INTO `work_on_team` VALUES (71, 2, 541970058);
INSERT INTO `work_on_team` VALUES (71, 2, 541970060);
INSERT INTO `work_on_team` VALUES (71, 2, 541970067);
INSERT INTO `work_on_team` VALUES (71, 2, 541970071);
INSERT INTO `work_on_team` VALUES (71, 2, 541970074);
INSERT INTO `work_on_team` VALUES (71, 2, 541970079);
INSERT INTO `work_on_team` VALUES (72, 2, 245500001);
INSERT INTO `work_on_team` VALUES (72, 2, 245500005);
INSERT INTO `work_on_team` VALUES (72, 2, 245500012);
INSERT INTO `work_on_team` VALUES (72, 2, 245500013);
INSERT INTO `work_on_team` VALUES (72, 2, 245500037);
INSERT INTO `work_on_team` VALUES (72, 2, 245500038);
INSERT INTO `work_on_team` VALUES (72, 2, 245500047);
INSERT INTO `work_on_team` VALUES (72, 2, 541970063);
INSERT INTO `work_on_team` VALUES (72, 2, 541970072);
INSERT INTO `work_on_team` VALUES (72, 2, 541970076);
INSERT INTO `work_on_team` VALUES (72, 2, 541970078);
INSERT INTO `work_on_team` VALUES (73, 2, 245500002);
INSERT INTO `work_on_team` VALUES (73, 2, 245500007);
INSERT INTO `work_on_team` VALUES (73, 2, 245500025);
INSERT INTO `work_on_team` VALUES (73, 2, 245500027);
INSERT INTO `work_on_team` VALUES (73, 2, 245500028);
INSERT INTO `work_on_team` VALUES (73, 2, 245500034);
INSERT INTO `work_on_team` VALUES (73, 2, 541970057);
INSERT INTO `work_on_team` VALUES (73, 2, 541970068);
INSERT INTO `work_on_team` VALUES (73, 2, 541970075);
INSERT INTO `work_on_team` VALUES (73, 2, 541970076);
INSERT INTO `work_on_team` VALUES (74, 2, 245500008);
INSERT INTO `work_on_team` VALUES (74, 2, 245500033);
INSERT INTO `work_on_team` VALUES (74, 2, 245500044);
INSERT INTO `work_on_team` VALUES (74, 2, 541970056);
INSERT INTO `work_on_team` VALUES (74, 2, 541970078);
INSERT INTO `work_on_team` VALUES (77, 2, 245500006);
INSERT INTO `work_on_team` VALUES (77, 2, 245500008);
INSERT INTO `work_on_team` VALUES (77, 2, 245500020);
INSERT INTO `work_on_team` VALUES (77, 2, 245500026);
INSERT INTO `work_on_team` VALUES (77, 2, 245500029);
INSERT INTO `work_on_team` VALUES (77, 2, 245500033);
INSERT INTO `work_on_team` VALUES (77, 2, 245500042);
INSERT INTO `work_on_team` VALUES (77, 2, 245500046);
INSERT INTO `work_on_team` VALUES (77, 2, 541970065);
INSERT INTO `work_on_team` VALUES (77, 2, 541970070);
INSERT INTO `work_on_team` VALUES (77, 2, 541970071);
INSERT INTO `work_on_team` VALUES (77, 2, 541970073);
INSERT INTO `work_on_team` VALUES (78, 2, 245500004);
INSERT INTO `work_on_team` VALUES (78, 2, 245500021);
INSERT INTO `work_on_team` VALUES (78, 2, 245500026);
INSERT INTO `work_on_team` VALUES (78, 2, 245500027);
INSERT INTO `work_on_team` VALUES (78, 2, 245500034);
INSERT INTO `work_on_team` VALUES (78, 2, 245500047);
INSERT INTO `work_on_team` VALUES (78, 2, 541970055);
INSERT INTO `work_on_team` VALUES (78, 2, 541970062);
INSERT INTO `work_on_team` VALUES (78, 2, 541970066);
INSERT INTO `work_on_team` VALUES (78, 2, 541970070);
INSERT INTO `work_on_team` VALUES (81, 2, 245500010);
INSERT INTO `work_on_team` VALUES (81, 2, 245500047);
INSERT INTO `work_on_team` VALUES (81, 2, 541970057);
INSERT INTO `work_on_team` VALUES (81, 2, 541970062);
INSERT INTO `work_on_team` VALUES (81, 2, 541970072);
INSERT INTO `work_on_team` VALUES (81, 2, 541970076);
INSERT INTO `work_on_team` VALUES (82, 2, 245500003);
INSERT INTO `work_on_team` VALUES (82, 2, 245500010);
INSERT INTO `work_on_team` VALUES (82, 2, 245500013);
INSERT INTO `work_on_team` VALUES (82, 2, 245500016);
INSERT INTO `work_on_team` VALUES (82, 2, 245500029);
INSERT INTO `work_on_team` VALUES (82, 2, 245500032);
INSERT INTO `work_on_team` VALUES (82, 2, 245500034);
INSERT INTO `work_on_team` VALUES (82, 2, 245500035);
INSERT INTO `work_on_team` VALUES (82, 2, 245500038);
INSERT INTO `work_on_team` VALUES (82, 2, 541970055);
INSERT INTO `work_on_team` VALUES (82, 2, 541970071);
INSERT INTO `work_on_team` VALUES (82, 2, 541970072);
INSERT INTO `work_on_team` VALUES (82, 2, 541970073);
INSERT INTO `work_on_team` VALUES (83, 2, 245500005);
INSERT INTO `work_on_team` VALUES (83, 2, 245500009);
INSERT INTO `work_on_team` VALUES (83, 2, 245500015);
INSERT INTO `work_on_team` VALUES (83, 2, 245500017);
INSERT INTO `work_on_team` VALUES (83, 2, 245500018);
INSERT INTO `work_on_team` VALUES (83, 2, 245500027);
INSERT INTO `work_on_team` VALUES (83, 2, 245500028);
INSERT INTO `work_on_team` VALUES (83, 2, 245500031);
INSERT INTO `work_on_team` VALUES (83, 2, 245500039);
INSERT INTO `work_on_team` VALUES (83, 2, 245500041);
INSERT INTO `work_on_team` VALUES (83, 2, 245500050);
INSERT INTO `work_on_team` VALUES (83, 2, 541970056);
INSERT INTO `work_on_team` VALUES (83, 2, 541970060);
INSERT INTO `work_on_team` VALUES (83, 2, 541970066);
INSERT INTO `work_on_team` VALUES (83, 2, 541970073);
INSERT INTO `work_on_team` VALUES (84, 2, 245500008);
INSERT INTO `work_on_team` VALUES (84, 2, 245500016);
INSERT INTO `work_on_team` VALUES (84, 2, 245500021);
INSERT INTO `work_on_team` VALUES (84, 2, 245500034);
INSERT INTO `work_on_team` VALUES (84, 2, 245500038);
INSERT INTO `work_on_team` VALUES (84, 2, 245500040);
INSERT INTO `work_on_team` VALUES (84, 2, 245500045);
INSERT INTO `work_on_team` VALUES (84, 2, 245500048);
INSERT INTO `work_on_team` VALUES (84, 2, 245500049);
INSERT INTO `work_on_team` VALUES (84, 2, 541970070);
INSERT INTO `work_on_team` VALUES (84, 2, 541970077);
INSERT INTO `work_on_team` VALUES (85, 2, 245500005);
INSERT INTO `work_on_team` VALUES (85, 2, 245500014);
INSERT INTO `work_on_team` VALUES (85, 2, 245500021);
INSERT INTO `work_on_team` VALUES (85, 2, 245500027);
INSERT INTO `work_on_team` VALUES (85, 2, 245500034);
INSERT INTO `work_on_team` VALUES (85, 2, 245500039);
INSERT INTO `work_on_team` VALUES (85, 2, 245500041);
INSERT INTO `work_on_team` VALUES (85, 2, 245500047);
INSERT INTO `work_on_team` VALUES (85, 2, 541970055);
INSERT INTO `work_on_team` VALUES (85, 2, 541970073);
INSERT INTO `work_on_team` VALUES (85, 2, 541970076);
INSERT INTO `work_on_team` VALUES (87, 2, 245500020);
INSERT INTO `work_on_team` VALUES (87, 2, 245500025);
INSERT INTO `work_on_team` VALUES (87, 2, 245500039);
INSERT INTO `work_on_team` VALUES (87, 2, 541970058);
INSERT INTO `work_on_team` VALUES (87, 2, 541970066);
INSERT INTO `work_on_team` VALUES (89, 2, 245500002);
INSERT INTO `work_on_team` VALUES (89, 2, 245500003);
INSERT INTO `work_on_team` VALUES (89, 2, 245500011);
INSERT INTO `work_on_team` VALUES (89, 2, 245500014);
INSERT INTO `work_on_team` VALUES (89, 2, 245500040);
INSERT INTO `work_on_team` VALUES (89, 2, 541970057);
INSERT INTO `work_on_team` VALUES (89, 2, 541970058);
INSERT INTO `work_on_team` VALUES (89, 2, 541970062);
INSERT INTO `work_on_team` VALUES (89, 2, 541970076);
INSERT INTO `work_on_team` VALUES (90, 2, 245500008);
INSERT INTO `work_on_team` VALUES (90, 2, 245500014);
INSERT INTO `work_on_team` VALUES (90, 2, 245500016);
INSERT INTO `work_on_team` VALUES (90, 2, 245500024);
INSERT INTO `work_on_team` VALUES (90, 2, 245500027);
INSERT INTO `work_on_team` VALUES (90, 2, 245500035);
INSERT INTO `work_on_team` VALUES (90, 2, 245500036);
INSERT INTO `work_on_team` VALUES (90, 2, 245500043);
INSERT INTO `work_on_team` VALUES (90, 2, 245500049);
INSERT INTO `work_on_team` VALUES (90, 2, 541970069);
INSERT INTO `work_on_team` VALUES (90, 2, 541970077);
INSERT INTO `work_on_team` VALUES (91, 2, 245500019);
INSERT INTO `work_on_team` VALUES (91, 2, 245500022);
INSERT INTO `work_on_team` VALUES (91, 2, 245500023);
INSERT INTO `work_on_team` VALUES (91, 2, 245500039);
INSERT INTO `work_on_team` VALUES (91, 2, 245500049);
INSERT INTO `work_on_team` VALUES (91, 2, 541970055);
INSERT INTO `work_on_team` VALUES (91, 2, 541970059);
INSERT INTO `work_on_team` VALUES (91, 2, 541970061);
INSERT INTO `work_on_team` VALUES (91, 2, 541970067);
INSERT INTO `work_on_team` VALUES (91, 2, 541970070);
INSERT INTO `work_on_team` VALUES (91, 2, 541970075);
INSERT INTO `work_on_team` VALUES (92, 2, 245500002);
INSERT INTO `work_on_team` VALUES (92, 2, 245500007);
INSERT INTO `work_on_team` VALUES (92, 2, 245500012);
INSERT INTO `work_on_team` VALUES (92, 2, 245500013);
INSERT INTO `work_on_team` VALUES (92, 2, 245500014);
INSERT INTO `work_on_team` VALUES (92, 2, 245500024);
INSERT INTO `work_on_team` VALUES (92, 2, 245500030);
INSERT INTO `work_on_team` VALUES (92, 2, 245500039);
INSERT INTO `work_on_team` VALUES (92, 2, 245500043);
INSERT INTO `work_on_team` VALUES (92, 2, 245500049);
INSERT INTO `work_on_team` VALUES (92, 2, 541970064);
INSERT INTO `work_on_team` VALUES (92, 2, 541970065);
INSERT INTO `work_on_team` VALUES (93, 2, 245500007);
INSERT INTO `work_on_team` VALUES (93, 2, 245500008);
INSERT INTO `work_on_team` VALUES (93, 2, 245500016);
INSERT INTO `work_on_team` VALUES (93, 2, 245500017);
INSERT INTO `work_on_team` VALUES (93, 2, 245500021);
INSERT INTO `work_on_team` VALUES (93, 2, 245500036);
INSERT INTO `work_on_team` VALUES (93, 2, 245500042);
INSERT INTO `work_on_team` VALUES (93, 2, 541970054);
INSERT INTO `work_on_team` VALUES (93, 2, 541970055);
INSERT INTO `work_on_team` VALUES (93, 2, 541970059);
INSERT INTO `work_on_team` VALUES (93, 2, 541970067);
INSERT INTO `work_on_team` VALUES (93, 2, 541970075);
INSERT INTO `work_on_team` VALUES (93, 2, 541970080);
INSERT INTO `work_on_team` VALUES (94, 2, 245500006);
INSERT INTO `work_on_team` VALUES (94, 2, 245500016);
INSERT INTO `work_on_team` VALUES (94, 2, 245500026);
INSERT INTO `work_on_team` VALUES (94, 2, 245500027);
INSERT INTO `work_on_team` VALUES (94, 2, 245500031);
INSERT INTO `work_on_team` VALUES (94, 2, 245500048);
INSERT INTO `work_on_team` VALUES (94, 2, 541970054);
INSERT INTO `work_on_team` VALUES (94, 2, 541970063);
INSERT INTO `work_on_team` VALUES (95, 2, 245500001);
INSERT INTO `work_on_team` VALUES (95, 2, 245500005);
INSERT INTO `work_on_team` VALUES (95, 2, 245500015);
INSERT INTO `work_on_team` VALUES (95, 2, 245500019);
INSERT INTO `work_on_team` VALUES (95, 2, 245500021);
INSERT INTO `work_on_team` VALUES (95, 2, 245500023);
INSERT INTO `work_on_team` VALUES (95, 2, 245500031);
INSERT INTO `work_on_team` VALUES (95, 2, 245500044);
INSERT INTO `work_on_team` VALUES (95, 2, 245500045);
INSERT INTO `work_on_team` VALUES (95, 2, 245500049);
INSERT INTO `work_on_team` VALUES (95, 2, 541970053);
INSERT INTO `work_on_team` VALUES (95, 2, 541970061);
INSERT INTO `work_on_team` VALUES (95, 2, 541970066);
INSERT INTO `work_on_team` VALUES (95, 2, 541970076);
INSERT INTO `work_on_team` VALUES (96, 2, 245500017);
INSERT INTO `work_on_team` VALUES (96, 2, 245500036);
INSERT INTO `work_on_team` VALUES (96, 2, 245500037);
INSERT INTO `work_on_team` VALUES (96, 2, 541970051);
INSERT INTO `work_on_team` VALUES (96, 2, 541970080);
INSERT INTO `work_on_team` VALUES (100, 2, 245500005);
INSERT INTO `work_on_team` VALUES (100, 2, 245500011);
INSERT INTO `work_on_team` VALUES (100, 2, 245500025);
INSERT INTO `work_on_team` VALUES (100, 2, 245500033);
INSERT INTO `work_on_team` VALUES (100, 2, 245500035);
INSERT INTO `work_on_team` VALUES (100, 2, 245500038);
INSERT INTO `work_on_team` VALUES (100, 2, 541970053);
INSERT INTO `work_on_team` VALUES (100, 2, 541970066);
INSERT INTO `work_on_team` VALUES (100, 2, 541970067);
INSERT INTO `work_on_team` VALUES (100, 2, 541970068);
INSERT INTO `work_on_team` VALUES (100, 2, 541970070);
INSERT INTO `work_on_team` VALUES (100, 2, 541970072);
INSERT INTO `work_on_team` VALUES (1, 3, 245500006);
INSERT INTO `work_on_team` VALUES (1, 3, 245500015);
INSERT INTO `work_on_team` VALUES (1, 3, 245500021);
INSERT INTO `work_on_team` VALUES (1, 3, 245500026);
INSERT INTO `work_on_team` VALUES (1, 3, 245500034);
INSERT INTO `work_on_team` VALUES (1, 3, 245500043);
INSERT INTO `work_on_team` VALUES (1, 3, 245500047);
INSERT INTO `work_on_team` VALUES (1, 3, 541970061);
INSERT INTO `work_on_team` VALUES (1, 3, 541970064);
INSERT INTO `work_on_team` VALUES (1, 3, 541970070);
INSERT INTO `work_on_team` VALUES (1, 3, 541970071);
INSERT INTO `work_on_team` VALUES (1, 3, 541970076);
INSERT INTO `work_on_team` VALUES (3, 3, 245500008);
INSERT INTO `work_on_team` VALUES (3, 3, 245500017);
INSERT INTO `work_on_team` VALUES (3, 3, 245500021);
INSERT INTO `work_on_team` VALUES (3, 3, 245500024);
INSERT INTO `work_on_team` VALUES (3, 3, 245500025);
INSERT INTO `work_on_team` VALUES (3, 3, 245500027);
INSERT INTO `work_on_team` VALUES (3, 3, 245500030);
INSERT INTO `work_on_team` VALUES (3, 3, 245500035);
INSERT INTO `work_on_team` VALUES (3, 3, 541970052);
INSERT INTO `work_on_team` VALUES (3, 3, 541970057);
INSERT INTO `work_on_team` VALUES (3, 3, 541970061);
INSERT INTO `work_on_team` VALUES (3, 3, 541970070);
INSERT INTO `work_on_team` VALUES (3, 3, 541970075);
INSERT INTO `work_on_team` VALUES (3, 3, 541970079);
INSERT INTO `work_on_team` VALUES (5, 3, 245500014);
INSERT INTO `work_on_team` VALUES (5, 3, 245500022);
INSERT INTO `work_on_team` VALUES (5, 3, 245500038);
INSERT INTO `work_on_team` VALUES (5, 3, 245500048);
INSERT INTO `work_on_team` VALUES (5, 3, 245500049);
INSERT INTO `work_on_team` VALUES (6, 3, 245500001);
INSERT INTO `work_on_team` VALUES (6, 3, 245500014);
INSERT INTO `work_on_team` VALUES (6, 3, 245500018);
INSERT INTO `work_on_team` VALUES (6, 3, 245500025);
INSERT INTO `work_on_team` VALUES (6, 3, 245500037);
INSERT INTO `work_on_team` VALUES (6, 3, 245500045);
INSERT INTO `work_on_team` VALUES (6, 3, 245500048);
INSERT INTO `work_on_team` VALUES (6, 3, 541970053);
INSERT INTO `work_on_team` VALUES (6, 3, 541970072);
INSERT INTO `work_on_team` VALUES (6, 3, 541970073);
INSERT INTO `work_on_team` VALUES (6, 3, 541970076);
INSERT INTO `work_on_team` VALUES (7, 3, 245500006);
INSERT INTO `work_on_team` VALUES (7, 3, 245500007);
INSERT INTO `work_on_team` VALUES (7, 3, 245500009);
INSERT INTO `work_on_team` VALUES (7, 3, 245500036);
INSERT INTO `work_on_team` VALUES (7, 3, 245500045);
INSERT INTO `work_on_team` VALUES (7, 3, 245500047);
INSERT INTO `work_on_team` VALUES (7, 3, 541970053);
INSERT INTO `work_on_team` VALUES (7, 3, 541970056);
INSERT INTO `work_on_team` VALUES (7, 3, 541970075);
INSERT INTO `work_on_team` VALUES (7, 3, 541970076);
INSERT INTO `work_on_team` VALUES (8, 3, 245500005);
INSERT INTO `work_on_team` VALUES (8, 3, 245500015);
INSERT INTO `work_on_team` VALUES (8, 3, 245500019);
INSERT INTO `work_on_team` VALUES (8, 3, 245500022);
INSERT INTO `work_on_team` VALUES (8, 3, 245500027);
INSERT INTO `work_on_team` VALUES (8, 3, 245500029);
INSERT INTO `work_on_team` VALUES (8, 3, 245500042);
INSERT INTO `work_on_team` VALUES (8, 3, 245500045);
INSERT INTO `work_on_team` VALUES (8, 3, 245500046);
INSERT INTO `work_on_team` VALUES (8, 3, 245500049);
INSERT INTO `work_on_team` VALUES (8, 3, 541970051);
INSERT INTO `work_on_team` VALUES (8, 3, 541970060);
INSERT INTO `work_on_team` VALUES (8, 3, 541970062);
INSERT INTO `work_on_team` VALUES (8, 3, 541970073);
INSERT INTO `work_on_team` VALUES (8, 3, 541970077);
INSERT INTO `work_on_team` VALUES (10, 3, 245500010);
INSERT INTO `work_on_team` VALUES (10, 3, 245500023);
INSERT INTO `work_on_team` VALUES (10, 3, 245500025);
INSERT INTO `work_on_team` VALUES (10, 3, 245500026);
INSERT INTO `work_on_team` VALUES (10, 3, 245500027);
INSERT INTO `work_on_team` VALUES (10, 3, 245500028);
INSERT INTO `work_on_team` VALUES (10, 3, 245500040);
INSERT INTO `work_on_team` VALUES (10, 3, 245500043);
INSERT INTO `work_on_team` VALUES (10, 3, 245500045);
INSERT INTO `work_on_team` VALUES (10, 3, 245500048);
INSERT INTO `work_on_team` VALUES (10, 3, 541970057);
INSERT INTO `work_on_team` VALUES (10, 3, 541970069);
INSERT INTO `work_on_team` VALUES (11, 3, 245500008);
INSERT INTO `work_on_team` VALUES (11, 3, 245500010);
INSERT INTO `work_on_team` VALUES (11, 3, 245500032);
INSERT INTO `work_on_team` VALUES (11, 3, 245500050);
INSERT INTO `work_on_team` VALUES (11, 3, 541970051);
INSERT INTO `work_on_team` VALUES (11, 3, 541970060);
INSERT INTO `work_on_team` VALUES (11, 3, 541970075);
INSERT INTO `work_on_team` VALUES (11, 3, 541970079);
INSERT INTO `work_on_team` VALUES (13, 3, 245500002);
INSERT INTO `work_on_team` VALUES (13, 3, 245500003);
INSERT INTO `work_on_team` VALUES (13, 3, 245500005);
INSERT INTO `work_on_team` VALUES (13, 3, 245500008);
INSERT INTO `work_on_team` VALUES (13, 3, 245500021);
INSERT INTO `work_on_team` VALUES (13, 3, 245500027);
INSERT INTO `work_on_team` VALUES (13, 3, 245500028);
INSERT INTO `work_on_team` VALUES (13, 3, 245500045);
INSERT INTO `work_on_team` VALUES (13, 3, 245500048);
INSERT INTO `work_on_team` VALUES (13, 3, 245500050);
INSERT INTO `work_on_team` VALUES (13, 3, 541970058);
INSERT INTO `work_on_team` VALUES (13, 3, 541970062);
INSERT INTO `work_on_team` VALUES (13, 3, 541970064);
INSERT INTO `work_on_team` VALUES (13, 3, 541970068);
INSERT INTO `work_on_team` VALUES (13, 3, 541970075);
INSERT INTO `work_on_team` VALUES (14, 3, 245500011);
INSERT INTO `work_on_team` VALUES (14, 3, 245500018);
INSERT INTO `work_on_team` VALUES (14, 3, 245500021);
INSERT INTO `work_on_team` VALUES (14, 3, 245500034);
INSERT INTO `work_on_team` VALUES (14, 3, 245500045);
INSERT INTO `work_on_team` VALUES (14, 3, 245500047);
INSERT INTO `work_on_team` VALUES (14, 3, 541970051);
INSERT INTO `work_on_team` VALUES (14, 3, 541970078);
INSERT INTO `work_on_team` VALUES (14, 3, 541970079);
INSERT INTO `work_on_team` VALUES (15, 3, 245500011);
INSERT INTO `work_on_team` VALUES (15, 3, 245500014);
INSERT INTO `work_on_team` VALUES (15, 3, 245500016);
INSERT INTO `work_on_team` VALUES (15, 3, 245500020);
INSERT INTO `work_on_team` VALUES (15, 3, 245500024);
INSERT INTO `work_on_team` VALUES (15, 3, 245500034);
INSERT INTO `work_on_team` VALUES (15, 3, 245500037);
INSERT INTO `work_on_team` VALUES (15, 3, 245500045);
INSERT INTO `work_on_team` VALUES (15, 3, 245500048);
INSERT INTO `work_on_team` VALUES (17, 3, 245500023);
INSERT INTO `work_on_team` VALUES (17, 3, 245500035);
INSERT INTO `work_on_team` VALUES (17, 3, 245500036);
INSERT INTO `work_on_team` VALUES (17, 3, 245500042);
INSERT INTO `work_on_team` VALUES (17, 3, 541970067);
INSERT INTO `work_on_team` VALUES (17, 3, 541970073);
INSERT INTO `work_on_team` VALUES (17, 3, 541970075);
INSERT INTO `work_on_team` VALUES (17, 3, 541970076);
INSERT INTO `work_on_team` VALUES (17, 3, 541970077);
INSERT INTO `work_on_team` VALUES (19, 3, 245500006);
INSERT INTO `work_on_team` VALUES (19, 3, 245500007);
INSERT INTO `work_on_team` VALUES (19, 3, 245500009);
INSERT INTO `work_on_team` VALUES (19, 3, 245500011);
INSERT INTO `work_on_team` VALUES (19, 3, 245500013);
INSERT INTO `work_on_team` VALUES (19, 3, 245500015);
INSERT INTO `work_on_team` VALUES (19, 3, 245500019);
INSERT INTO `work_on_team` VALUES (19, 3, 245500020);
INSERT INTO `work_on_team` VALUES (19, 3, 245500032);
INSERT INTO `work_on_team` VALUES (19, 3, 541970056);
INSERT INTO `work_on_team` VALUES (19, 3, 541970074);
INSERT INTO `work_on_team` VALUES (20, 3, 245500006);
INSERT INTO `work_on_team` VALUES (20, 3, 245500025);
INSERT INTO `work_on_team` VALUES (20, 3, 245500035);
INSERT INTO `work_on_team` VALUES (20, 3, 245500037);
INSERT INTO `work_on_team` VALUES (20, 3, 245500041);
INSERT INTO `work_on_team` VALUES (20, 3, 245500042);
INSERT INTO `work_on_team` VALUES (20, 3, 245500049);
INSERT INTO `work_on_team` VALUES (20, 3, 541970056);
INSERT INTO `work_on_team` VALUES (20, 3, 541970059);
INSERT INTO `work_on_team` VALUES (24, 3, 245500001);
INSERT INTO `work_on_team` VALUES (24, 3, 245500011);
INSERT INTO `work_on_team` VALUES (24, 3, 245500037);
INSERT INTO `work_on_team` VALUES (24, 3, 245500041);
INSERT INTO `work_on_team` VALUES (24, 3, 541970055);
INSERT INTO `work_on_team` VALUES (24, 3, 541970060);
INSERT INTO `work_on_team` VALUES (24, 3, 541970079);
INSERT INTO `work_on_team` VALUES (24, 3, 541970080);
INSERT INTO `work_on_team` VALUES (27, 3, 245500004);
INSERT INTO `work_on_team` VALUES (27, 3, 245500025);
INSERT INTO `work_on_team` VALUES (27, 3, 245500027);
INSERT INTO `work_on_team` VALUES (27, 3, 245500029);
INSERT INTO `work_on_team` VALUES (27, 3, 245500048);
INSERT INTO `work_on_team` VALUES (27, 3, 541970051);
INSERT INTO `work_on_team` VALUES (27, 3, 541970054);
INSERT INTO `work_on_team` VALUES (27, 3, 541970058);
INSERT INTO `work_on_team` VALUES (27, 3, 541970074);
INSERT INTO `work_on_team` VALUES (28, 3, 245500005);
INSERT INTO `work_on_team` VALUES (28, 3, 245500044);
INSERT INTO `work_on_team` VALUES (28, 3, 541970051);
INSERT INTO `work_on_team` VALUES (28, 3, 541970052);
INSERT INTO `work_on_team` VALUES (28, 3, 541970072);
INSERT INTO `work_on_team` VALUES (30, 3, 245500007);
INSERT INTO `work_on_team` VALUES (30, 3, 245500013);
INSERT INTO `work_on_team` VALUES (30, 3, 245500018);
INSERT INTO `work_on_team` VALUES (30, 3, 245500021);
INSERT INTO `work_on_team` VALUES (30, 3, 245500024);
INSERT INTO `work_on_team` VALUES (30, 3, 245500034);
INSERT INTO `work_on_team` VALUES (30, 3, 245500035);
INSERT INTO `work_on_team` VALUES (30, 3, 245500037);
INSERT INTO `work_on_team` VALUES (30, 3, 245500038);
INSERT INTO `work_on_team` VALUES (30, 3, 245500042);
INSERT INTO `work_on_team` VALUES (30, 3, 245500043);
INSERT INTO `work_on_team` VALUES (30, 3, 541970066);
INSERT INTO `work_on_team` VALUES (30, 3, 541970067);
INSERT INTO `work_on_team` VALUES (32, 3, 245500012);
INSERT INTO `work_on_team` VALUES (32, 3, 245500034);
INSERT INTO `work_on_team` VALUES (32, 3, 245500035);
INSERT INTO `work_on_team` VALUES (32, 3, 245500039);
INSERT INTO `work_on_team` VALUES (32, 3, 245500042);
INSERT INTO `work_on_team` VALUES (32, 3, 245500043);
INSERT INTO `work_on_team` VALUES (32, 3, 245500047);
INSERT INTO `work_on_team` VALUES (32, 3, 541970052);
INSERT INTO `work_on_team` VALUES (32, 3, 541970073);
INSERT INTO `work_on_team` VALUES (33, 3, 245500005);
INSERT INTO `work_on_team` VALUES (33, 3, 245500014);
INSERT INTO `work_on_team` VALUES (33, 3, 245500029);
INSERT INTO `work_on_team` VALUES (33, 3, 245500038);
INSERT INTO `work_on_team` VALUES (33, 3, 245500041);
INSERT INTO `work_on_team` VALUES (33, 3, 245500044);
INSERT INTO `work_on_team` VALUES (33, 3, 541970055);
INSERT INTO `work_on_team` VALUES (33, 3, 541970060);
INSERT INTO `work_on_team` VALUES (33, 3, 541970065);
INSERT INTO `work_on_team` VALUES (33, 3, 541970073);
INSERT INTO `work_on_team` VALUES (34, 3, 245500001);
INSERT INTO `work_on_team` VALUES (34, 3, 245500002);
INSERT INTO `work_on_team` VALUES (34, 3, 245500008);
INSERT INTO `work_on_team` VALUES (34, 3, 245500009);
INSERT INTO `work_on_team` VALUES (34, 3, 245500020);
INSERT INTO `work_on_team` VALUES (34, 3, 245500028);
INSERT INTO `work_on_team` VALUES (34, 3, 245500034);
INSERT INTO `work_on_team` VALUES (34, 3, 245500037);
INSERT INTO `work_on_team` VALUES (34, 3, 245500042);
INSERT INTO `work_on_team` VALUES (34, 3, 541970061);
INSERT INTO `work_on_team` VALUES (34, 3, 541970079);
INSERT INTO `work_on_team` VALUES (40, 3, 245500006);
INSERT INTO `work_on_team` VALUES (40, 3, 245500007);
INSERT INTO `work_on_team` VALUES (40, 3, 245500008);
INSERT INTO `work_on_team` VALUES (40, 3, 245500015);
INSERT INTO `work_on_team` VALUES (40, 3, 245500020);
INSERT INTO `work_on_team` VALUES (40, 3, 245500023);
INSERT INTO `work_on_team` VALUES (40, 3, 245500032);
INSERT INTO `work_on_team` VALUES (40, 3, 245500039);
INSERT INTO `work_on_team` VALUES (40, 3, 541970057);
INSERT INTO `work_on_team` VALUES (40, 3, 541970065);
INSERT INTO `work_on_team` VALUES (40, 3, 541970078);
INSERT INTO `work_on_team` VALUES (43, 3, 245500024);
INSERT INTO `work_on_team` VALUES (43, 3, 245500027);
INSERT INTO `work_on_team` VALUES (43, 3, 245500030);
INSERT INTO `work_on_team` VALUES (43, 3, 245500044);
INSERT INTO `work_on_team` VALUES (43, 3, 245500046);
INSERT INTO `work_on_team` VALUES (43, 3, 541970056);
INSERT INTO `work_on_team` VALUES (43, 3, 541970067);
INSERT INTO `work_on_team` VALUES (43, 3, 541970070);
INSERT INTO `work_on_team` VALUES (44, 3, 245500041);
INSERT INTO `work_on_team` VALUES (44, 3, 245500046);
INSERT INTO `work_on_team` VALUES (44, 3, 245500048);
INSERT INTO `work_on_team` VALUES (44, 3, 541970055);
INSERT INTO `work_on_team` VALUES (44, 3, 541970063);
INSERT INTO `work_on_team` VALUES (44, 3, 541970072);
INSERT INTO `work_on_team` VALUES (46, 3, 245500049);
INSERT INTO `work_on_team` VALUES (46, 3, 541970058);
INSERT INTO `work_on_team` VALUES (46, 3, 541970066);
INSERT INTO `work_on_team` VALUES (46, 3, 541970067);
INSERT INTO `work_on_team` VALUES (46, 3, 541970074);
INSERT INTO `work_on_team` VALUES (47, 3, 245500036);
INSERT INTO `work_on_team` VALUES (47, 3, 245500037);
INSERT INTO `work_on_team` VALUES (47, 3, 245500039);
INSERT INTO `work_on_team` VALUES (47, 3, 245500041);
INSERT INTO `work_on_team` VALUES (47, 3, 245500043);
INSERT INTO `work_on_team` VALUES (47, 3, 245500048);
INSERT INTO `work_on_team` VALUES (47, 3, 541970058);
INSERT INTO `work_on_team` VALUES (47, 3, 541970072);
INSERT INTO `work_on_team` VALUES (47, 3, 541970077);
INSERT INTO `work_on_team` VALUES (47, 3, 541970079);
INSERT INTO `work_on_team` VALUES (49, 3, 245500008);
INSERT INTO `work_on_team` VALUES (49, 3, 245500015);
INSERT INTO `work_on_team` VALUES (49, 3, 245500017);
INSERT INTO `work_on_team` VALUES (49, 3, 245500028);
INSERT INTO `work_on_team` VALUES (49, 3, 245500031);
INSERT INTO `work_on_team` VALUES (49, 3, 541970055);
INSERT INTO `work_on_team` VALUES (49, 3, 541970060);
INSERT INTO `work_on_team` VALUES (49, 3, 541970065);
INSERT INTO `work_on_team` VALUES (49, 3, 541970075);
INSERT INTO `work_on_team` VALUES (51, 3, 245500001);
INSERT INTO `work_on_team` VALUES (51, 3, 245500003);
INSERT INTO `work_on_team` VALUES (51, 3, 245500008);
INSERT INTO `work_on_team` VALUES (51, 3, 245500009);
INSERT INTO `work_on_team` VALUES (51, 3, 245500011);
INSERT INTO `work_on_team` VALUES (51, 3, 245500016);
INSERT INTO `work_on_team` VALUES (51, 3, 245500024);
INSERT INTO `work_on_team` VALUES (51, 3, 245500032);
INSERT INTO `work_on_team` VALUES (51, 3, 245500034);
INSERT INTO `work_on_team` VALUES (51, 3, 245500039);
INSERT INTO `work_on_team` VALUES (51, 3, 245500043);
INSERT INTO `work_on_team` VALUES (51, 3, 541970054);
INSERT INTO `work_on_team` VALUES (51, 3, 541970058);
INSERT INTO `work_on_team` VALUES (51, 3, 541970060);
INSERT INTO `work_on_team` VALUES (51, 3, 541970070);
INSERT INTO `work_on_team` VALUES (52, 3, 245500018);
INSERT INTO `work_on_team` VALUES (52, 3, 245500032);
INSERT INTO `work_on_team` VALUES (52, 3, 245500035);
INSERT INTO `work_on_team` VALUES (52, 3, 245500044);
INSERT INTO `work_on_team` VALUES (52, 3, 245500047);
INSERT INTO `work_on_team` VALUES (52, 3, 245500048);
INSERT INTO `work_on_team` VALUES (52, 3, 245500049);
INSERT INTO `work_on_team` VALUES (52, 3, 245500050);
INSERT INTO `work_on_team` VALUES (52, 3, 541970052);
INSERT INTO `work_on_team` VALUES (52, 3, 541970053);
INSERT INTO `work_on_team` VALUES (52, 3, 541970059);
INSERT INTO `work_on_team` VALUES (52, 3, 541970066);
INSERT INTO `work_on_team` VALUES (52, 3, 541970080);
INSERT INTO `work_on_team` VALUES (57, 3, 245500016);
INSERT INTO `work_on_team` VALUES (57, 3, 245500019);
INSERT INTO `work_on_team` VALUES (57, 3, 245500021);
INSERT INTO `work_on_team` VALUES (57, 3, 245500023);
INSERT INTO `work_on_team` VALUES (57, 3, 245500024);
INSERT INTO `work_on_team` VALUES (57, 3, 245500029);
INSERT INTO `work_on_team` VALUES (57, 3, 245500034);
INSERT INTO `work_on_team` VALUES (57, 3, 541970055);
INSERT INTO `work_on_team` VALUES (57, 3, 541970057);
INSERT INTO `work_on_team` VALUES (57, 3, 541970058);
INSERT INTO `work_on_team` VALUES (57, 3, 541970059);
INSERT INTO `work_on_team` VALUES (57, 3, 541970061);
INSERT INTO `work_on_team` VALUES (57, 3, 541970065);
INSERT INTO `work_on_team` VALUES (57, 3, 541970071);
INSERT INTO `work_on_team` VALUES (57, 3, 541970074);
INSERT INTO `work_on_team` VALUES (58, 3, 245500005);
INSERT INTO `work_on_team` VALUES (58, 3, 245500006);
INSERT INTO `work_on_team` VALUES (58, 3, 245500008);
INSERT INTO `work_on_team` VALUES (58, 3, 245500024);
INSERT INTO `work_on_team` VALUES (58, 3, 245500046);
INSERT INTO `work_on_team` VALUES (58, 3, 245500049);
INSERT INTO `work_on_team` VALUES (58, 3, 541970052);
INSERT INTO `work_on_team` VALUES (64, 3, 245500013);
INSERT INTO `work_on_team` VALUES (64, 3, 245500026);
INSERT INTO `work_on_team` VALUES (64, 3, 245500030);
INSERT INTO `work_on_team` VALUES (64, 3, 245500031);
INSERT INTO `work_on_team` VALUES (64, 3, 245500032);
INSERT INTO `work_on_team` VALUES (64, 3, 245500039);
INSERT INTO `work_on_team` VALUES (64, 3, 541970057);
INSERT INTO `work_on_team` VALUES (64, 3, 541970060);
INSERT INTO `work_on_team` VALUES (64, 3, 541970061);
INSERT INTO `work_on_team` VALUES (64, 3, 541970075);
INSERT INTO `work_on_team` VALUES (65, 3, 245500008);
INSERT INTO `work_on_team` VALUES (65, 3, 245500012);
INSERT INTO `work_on_team` VALUES (65, 3, 245500019);
INSERT INTO `work_on_team` VALUES (65, 3, 245500020);
INSERT INTO `work_on_team` VALUES (65, 3, 245500029);
INSERT INTO `work_on_team` VALUES (65, 3, 541970066);
INSERT INTO `work_on_team` VALUES (65, 3, 541970070);
INSERT INTO `work_on_team` VALUES (65, 3, 541970075);
INSERT INTO `work_on_team` VALUES (65, 3, 541970078);
INSERT INTO `work_on_team` VALUES (70, 3, 245500024);
INSERT INTO `work_on_team` VALUES (70, 3, 245500034);
INSERT INTO `work_on_team` VALUES (70, 3, 245500045);
INSERT INTO `work_on_team` VALUES (70, 3, 541970067);
INSERT INTO `work_on_team` VALUES (70, 3, 541970076);
INSERT INTO `work_on_team` VALUES (70, 3, 541970080);
INSERT INTO `work_on_team` VALUES (71, 3, 245500003);
INSERT INTO `work_on_team` VALUES (71, 3, 245500013);
INSERT INTO `work_on_team` VALUES (71, 3, 245500020);
INSERT INTO `work_on_team` VALUES (71, 3, 245500025);
INSERT INTO `work_on_team` VALUES (71, 3, 245500028);
INSERT INTO `work_on_team` VALUES (71, 3, 245500030);
INSERT INTO `work_on_team` VALUES (71, 3, 541970051);
INSERT INTO `work_on_team` VALUES (71, 3, 541970058);
INSERT INTO `work_on_team` VALUES (71, 3, 541970061);
INSERT INTO `work_on_team` VALUES (71, 3, 541970063);
INSERT INTO `work_on_team` VALUES (71, 3, 541970067);
INSERT INTO `work_on_team` VALUES (71, 3, 541970076);
INSERT INTO `work_on_team` VALUES (71, 3, 541970080);
INSERT INTO `work_on_team` VALUES (72, 3, 245500024);
INSERT INTO `work_on_team` VALUES (72, 3, 245500035);
INSERT INTO `work_on_team` VALUES (72, 3, 245500036);
INSERT INTO `work_on_team` VALUES (72, 3, 245500038);
INSERT INTO `work_on_team` VALUES (72, 3, 541970055);
INSERT INTO `work_on_team` VALUES (72, 3, 541970059);
INSERT INTO `work_on_team` VALUES (72, 3, 541970060);
INSERT INTO `work_on_team` VALUES (72, 3, 541970067);
INSERT INTO `work_on_team` VALUES (72, 3, 541970073);
INSERT INTO `work_on_team` VALUES (77, 3, 245500030);
INSERT INTO `work_on_team` VALUES (77, 3, 245500031);
INSERT INTO `work_on_team` VALUES (77, 3, 245500035);
INSERT INTO `work_on_team` VALUES (77, 3, 245500044);
INSERT INTO `work_on_team` VALUES (77, 3, 245500045);
INSERT INTO `work_on_team` VALUES (77, 3, 541970051);
INSERT INTO `work_on_team` VALUES (77, 3, 541970052);
INSERT INTO `work_on_team` VALUES (77, 3, 541970059);
INSERT INTO `work_on_team` VALUES (77, 3, 541970066);
INSERT INTO `work_on_team` VALUES (77, 3, 541970073);
INSERT INTO `work_on_team` VALUES (78, 3, 245500025);
INSERT INTO `work_on_team` VALUES (78, 3, 245500026);
INSERT INTO `work_on_team` VALUES (78, 3, 245500027);
INSERT INTO `work_on_team` VALUES (78, 3, 245500032);
INSERT INTO `work_on_team` VALUES (78, 3, 245500039);
INSERT INTO `work_on_team` VALUES (78, 3, 245500049);
INSERT INTO `work_on_team` VALUES (78, 3, 541970051);
INSERT INTO `work_on_team` VALUES (78, 3, 541970057);
INSERT INTO `work_on_team` VALUES (78, 3, 541970064);
INSERT INTO `work_on_team` VALUES (78, 3, 541970070);
INSERT INTO `work_on_team` VALUES (78, 3, 541970071);
INSERT INTO `work_on_team` VALUES (78, 3, 541970074);
INSERT INTO `work_on_team` VALUES (78, 3, 541970078);
INSERT INTO `work_on_team` VALUES (82, 3, 245500009);
INSERT INTO `work_on_team` VALUES (82, 3, 245500012);
INSERT INTO `work_on_team` VALUES (82, 3, 245500025);
INSERT INTO `work_on_team` VALUES (82, 3, 245500027);
INSERT INTO `work_on_team` VALUES (82, 3, 245500029);
INSERT INTO `work_on_team` VALUES (82, 3, 245500040);
INSERT INTO `work_on_team` VALUES (82, 3, 245500041);
INSERT INTO `work_on_team` VALUES (82, 3, 245500048);
INSERT INTO `work_on_team` VALUES (82, 3, 541970052);
INSERT INTO `work_on_team` VALUES (82, 3, 541970061);
INSERT INTO `work_on_team` VALUES (82, 3, 541970067);
INSERT INTO `work_on_team` VALUES (82, 3, 541970068);
INSERT INTO `work_on_team` VALUES (82, 3, 541970072);
INSERT INTO `work_on_team` VALUES (82, 3, 541970074);
INSERT INTO `work_on_team` VALUES (82, 3, 541970075);
INSERT INTO `work_on_team` VALUES (90, 3, 245500004);
INSERT INTO `work_on_team` VALUES (90, 3, 245500010);
INSERT INTO `work_on_team` VALUES (90, 3, 245500020);
INSERT INTO `work_on_team` VALUES (90, 3, 245500030);
INSERT INTO `work_on_team` VALUES (90, 3, 245500037);
INSERT INTO `work_on_team` VALUES (90, 3, 245500038);
INSERT INTO `work_on_team` VALUES (90, 3, 245500047);
INSERT INTO `work_on_team` VALUES (90, 3, 541970062);
INSERT INTO `work_on_team` VALUES (91, 3, 245500006);
INSERT INTO `work_on_team` VALUES (91, 3, 245500019);
INSERT INTO `work_on_team` VALUES (91, 3, 245500029);
INSERT INTO `work_on_team` VALUES (91, 3, 245500030);
INSERT INTO `work_on_team` VALUES (91, 3, 245500031);
INSERT INTO `work_on_team` VALUES (91, 3, 245500032);
INSERT INTO `work_on_team` VALUES (91, 3, 245500045);
INSERT INTO `work_on_team` VALUES (91, 3, 245500050);
INSERT INTO `work_on_team` VALUES (91, 3, 541970064);
INSERT INTO `work_on_team` VALUES (91, 3, 541970065);
INSERT INTO `work_on_team` VALUES (91, 3, 541970067);
INSERT INTO `work_on_team` VALUES (92, 3, 245500017);
INSERT INTO `work_on_team` VALUES (92, 3, 245500018);
INSERT INTO `work_on_team` VALUES (92, 3, 245500026);
INSERT INTO `work_on_team` VALUES (92, 3, 245500041);
INSERT INTO `work_on_team` VALUES (92, 3, 541970070);
INSERT INTO `work_on_team` VALUES (92, 3, 541970075);
INSERT INTO `work_on_team` VALUES (93, 3, 245500003);
INSERT INTO `work_on_team` VALUES (93, 3, 245500007);
INSERT INTO `work_on_team` VALUES (93, 3, 245500018);
INSERT INTO `work_on_team` VALUES (93, 3, 245500020);
INSERT INTO `work_on_team` VALUES (93, 3, 245500032);
INSERT INTO `work_on_team` VALUES (93, 3, 245500033);
INSERT INTO `work_on_team` VALUES (93, 3, 245500036);
INSERT INTO `work_on_team` VALUES (93, 3, 245500050);
INSERT INTO `work_on_team` VALUES (93, 3, 541970064);
INSERT INTO `work_on_team` VALUES (93, 3, 541970074);
INSERT INTO `work_on_team` VALUES (93, 3, 541970075);
INSERT INTO `work_on_team` VALUES (94, 3, 245500012);
INSERT INTO `work_on_team` VALUES (94, 3, 245500020);
INSERT INTO `work_on_team` VALUES (94, 3, 245500028);
INSERT INTO `work_on_team` VALUES (94, 3, 245500032);
INSERT INTO `work_on_team` VALUES (94, 3, 245500035);
INSERT INTO `work_on_team` VALUES (94, 3, 245500041);
INSERT INTO `work_on_team` VALUES (94, 3, 245500047);
INSERT INTO `work_on_team` VALUES (94, 3, 245500048);
INSERT INTO `work_on_team` VALUES (94, 3, 541970051);
INSERT INTO `work_on_team` VALUES (94, 3, 541970056);
INSERT INTO `work_on_team` VALUES (94, 3, 541970057);
INSERT INTO `work_on_team` VALUES (94, 3, 541970078);
INSERT INTO `work_on_team` VALUES (94, 3, 541970079);
INSERT INTO `work_on_team` VALUES (94, 3, 541970080);
INSERT INTO `work_on_team` VALUES (95, 3, 245500001);
INSERT INTO `work_on_team` VALUES (95, 3, 245500006);
INSERT INTO `work_on_team` VALUES (95, 3, 245500011);
INSERT INTO `work_on_team` VALUES (95, 3, 245500015);
INSERT INTO `work_on_team` VALUES (95, 3, 245500016);
INSERT INTO `work_on_team` VALUES (95, 3, 245500033);
INSERT INTO `work_on_team` VALUES (95, 3, 245500041);
INSERT INTO `work_on_team` VALUES (95, 3, 245500045);
INSERT INTO `work_on_team` VALUES (95, 3, 541970059);
INSERT INTO `work_on_team` VALUES (95, 3, 541970061);
INSERT INTO `work_on_team` VALUES (95, 3, 541970074);
INSERT INTO `work_on_team` VALUES (96, 3, 245500002);
INSERT INTO `work_on_team` VALUES (96, 3, 245500006);
INSERT INTO `work_on_team` VALUES (96, 3, 245500032);
INSERT INTO `work_on_team` VALUES (96, 3, 245500035);
INSERT INTO `work_on_team` VALUES (96, 3, 541970051);
INSERT INTO `work_on_team` VALUES (96, 3, 541970056);
INSERT INTO `work_on_team` VALUES (96, 3, 541970057);
INSERT INTO `work_on_team` VALUES (96, 3, 541970075);
INSERT INTO `work_on_team` VALUES (100, 3, 245500006);
INSERT INTO `work_on_team` VALUES (100, 3, 245500028);
INSERT INTO `work_on_team` VALUES (100, 3, 245500030);
INSERT INTO `work_on_team` VALUES (100, 3, 245500044);
INSERT INTO `work_on_team` VALUES (100, 3, 245500045);
INSERT INTO `work_on_team` VALUES (100, 3, 245500048);
INSERT INTO `work_on_team` VALUES (100, 3, 245500050);
INSERT INTO `work_on_team` VALUES (100, 3, 541970055);
INSERT INTO `work_on_team` VALUES (100, 3, 541970060);
INSERT INTO `work_on_team` VALUES (100, 3, 541970066);
INSERT INTO `work_on_team` VALUES (100, 3, 541970071);

-- 
-- Constraints for dumped tables
-- 

-- 
-- Constraints for table `customer`
-- 
ALTER TABLE `customer`
  ADD CONSTRAINT `customer_ibfk_1` FOREIGN KEY (`ssn`) REFERENCES `person` (`ssn`) ON DELETE CASCADE ON UPDATE CASCADE;

-- 
-- Constraints for table `customer_buy_gp`
-- 
ALTER TABLE `customer_buy_gp`
  ADD CONSTRAINT `customer_buy_gp_ibfk_1` FOREIGN KEY (`gp_id`) REFERENCES `game_on_platform` (`gp_id`) ON DELETE CASCADE ON UPDATE CASCADE,
  ADD CONSTRAINT `customer_buy_gp_ibfk_2` FOREIGN KEY (`c_ssn`) REFERENCES `customer` (`ssn`) ON DELETE CASCADE ON UPDATE CASCADE;

-- 
-- Constraints for table `customer_own_device`
-- 
ALTER TABLE `customer_own_device`
  ADD CONSTRAINT `customer_own_device_ibfk_1` FOREIGN KEY (`cost_ssn`) REFERENCES `customer` (`ssn`) ON DELETE CASCADE ON UPDATE CASCADE,
  ADD CONSTRAINT `customer_own_device_ibfk_2` FOREIGN KEY (`p_id`) REFERENCES `platform` (`p_id`) ON DELETE CASCADE ON UPDATE CASCADE;

-- 
-- Constraints for table `develop_team`
-- 
ALTER TABLE `develop_team`
  ADD CONSTRAINT `develop_team_ibfk_1` FOREIGN KEY (`gp_id`) REFERENCES `game_on_platform` (`gp_id`) ON DELETE CASCADE ON UPDATE CASCADE;

-- 
-- Constraints for table `employment`
-- 
ALTER TABLE `employment`
  ADD CONSTRAINT `employment_ibfk_1` FOREIGN KEY (`c_id`) REFERENCES `company` (`c_id`) ON DELETE CASCADE ON UPDATE CASCADE;

-- 
-- Constraints for table `game_genra`
-- 
ALTER TABLE `game_genra`
  ADD CONSTRAINT `game_genra_ibfk_1` FOREIGN KEY (`genra_id`) REFERENCES `genra` (`g_id`) ON DELETE CASCADE ON UPDATE CASCADE,
  ADD CONSTRAINT `game_genra_ibfk_2` FOREIGN KEY (`game_id`) REFERENCES `game` (`g_id`) ON DELETE CASCADE ON UPDATE CASCADE;

-- 
-- Constraints for table `game_on_platform`
-- 
ALTER TABLE `game_on_platform`
  ADD CONSTRAINT `gp_fk_g` FOREIGN KEY (`g_id`) REFERENCES `game` (`g_id`),
  ADD CONSTRAINT `gp_fk_p` FOREIGN KEY (`p_id`) REFERENCES `platform` (`p_id`),
  ADD CONSTRAINT `wt_fk_c` FOREIGN KEY (`company`) REFERENCES `company` (`c_id`);

-- 
-- Constraints for table `hobbyist`
-- 
ALTER TABLE `hobbyist`
  ADD CONSTRAINT `hobbyist_ibfk_1` FOREIGN KEY (`ssn`) REFERENCES `person` (`ssn`) ON DELETE CASCADE ON UPDATE CASCADE;

-- 
-- Constraints for table `hobbyist_make_gp`
-- 
ALTER TABLE `hobbyist_make_gp`
  ADD CONSTRAINT `hobbyist_make_gp_ibfk_1` FOREIGN KEY (`gp_id`) REFERENCES `game_on_platform` (`gp_id`) ON DELETE CASCADE ON UPDATE CASCADE,
  ADD CONSTRAINT `hobbyist_make_gp_ibfk_2` FOREIGN KEY (`h_ssn`) REFERENCES `hobbyist` (`ssn`) ON DELETE CASCADE ON UPDATE CASCADE;

-- 
-- Constraints for table `work_on_team`
-- 
ALTER TABLE `work_on_team`
  ADD CONSTRAINT `work_on_team_ibfk_1` FOREIGN KEY (`gp_id`) REFERENCES `develop_team` (`gp_id`) ON DELETE CASCADE ON UPDATE CASCADE,
  ADD CONSTRAINT `work_on_team_ibfk_2` FOREIGN KEY (`t_id`) REFERENCES `develop_team` (`t_id`) ON DELETE CASCADE ON UPDATE CASCADE;
